game_id,season,game_type,week,gameday,weekday,gametime,away_team,away_score,home_team,home_score,location,result,total,overtime,old_game_id,gsis,nfl_detail_id,pfr,pff,espn,ftn,away_rest,home_rest,away_moneyline,home_moneyline,spread_line,away_spread_odds,home_spread_odds,total_line,under_odds,over_odds,div_game,roof,surface,temp,wind,away_qb_id,home_qb_id,away_qb_name,home_qb_name,away_coach,home_coach,referee,stadium_id,stadium
2025_01_DAL_PHI,2025,REG,1,2025-09-04,Thursday,20:20,DAL,20.0,PHI,24.0,Home,4.0,44.0,0.0,2025090400,59843.0,,202509040phi,28418,401772510,6734,7,7,330,-425,8.5,-110,-110,47.5,-110,-110,1,outdoors,grass,75.0,11.0,00-0033077,00-0036389,Dak Prescott,Jalen Hurts,Brian Schottenheimer,Nick Sirianni,Shawn Smith,PHI00,Lincoln Financial Field
2025_01_KC_LAC,2025,REG,1,2025-09-05,Friday,20:00,KC,21.0,LAC,27.0,Neutral,6.0,48.0,0.0,2025090500,59844.0,,202509050sdg,28419,401772714,6735,7,7,-175,145,-3.0,-120,100,47.5,-110,-110,1,dome,,,,00-0033873,00-0036355,Patrick Mahomes,Justin Herbert,Andy Reid,Jim Harbaugh,Carl Cheffers,LAX01,SoFi Stadium
2025_01_TB_ATL,2025,REG,1,2025-09-07,Sunday,13:00,TB,23.0,ATL,20.0,Home,-3.0,43.0,0.0,2025090700,59845.0,,202509070atl,28420,401772830,6736,7,7,-115,-105,-1.5,-102,-118,47.5,-105,-115,1,closed,fieldturf,,,00-0034855,00-0039917,Baker Mayfield,Michael Penix,Todd Bowles,Raheem Morris,Land Clark,ATL97,Mercedes-Benz Stadium
2025_01_CIN_CLE,2025,REG,1,2025-09-07,Sunday,13:00,CIN,17.0,CLE,16.0,Home,-1.0,33.0,0.0,2025090701,59846.0,,202509070cle,28421,401772829,6737,7,7,-238,195,-5.5,-105,-115,47.5,100,-120,1,outdoors,grass,63.0,10.0,00-0036442,00-0026158,Joe Burrow,Joe Flacco,Zac Taylor,Kevin Stefanski,Adrian Hill,CLE00,FirstEnergy Stadium
2025_01_MIA_IND,2025,REG,1,2025-09-07,Sunday,13:00,MIA,8.0,IND,33.0,Home,25.0,41.0,0.0,2025090702,59847.0,,202509070clt,28422,401772719,6738,7,7,-108,-112,1.5,-118,-102,47.5,-120,100,0,closed,fieldturf,,,00-0036212,00-0035710,Tua Tagovailoa,Daniel Jones,Mike McDaniel,Shane Steichen,Brad Allen,IND00,Lucas Oil Stadium
2025_01_CAR_JAX,2025,REG,1,2025-09-07,Sunday,13:00,CAR,10.0,JAX,26.0,Home,16.0,36.0,0.0,2025090703,59848.0,,202509070jax,28423,401772828,6739,7,7,170,-205,4.5,-110,-110,45.5,-108,-112,0,outdoors,grass,85.0,3.0,00-0039150,00-0036971,Bryce Young,Trevor Lawrence,Dave Canales,Liam Coen,Alex Moore,JAX00,TIAA Bank Stadium
2025_01_LV_NE,2025,REG,1,2025-09-07,Sunday,13:00,LV,20.0,NE,13.0,Home,-7.0,33.0,0.0,2025090704,59849.0,,202509070nwe,28424,401772720,6740,7,7,130,-155,2.5,100,-120,44.5,-115,-105,0,outdoors,fieldturf,62.0,4.0,00-0030565,00-0039851,Geno Smith,Drake Maye,Pete Carroll,Mike Vrabel,Ron Torbert,BOS00,Gillette Stadium
2025_01_ARI_NO,2025,REG,1,2025-09-07,Sunday,13:00,ARI,20.0,NO,13.0,Home,-7.0,33.0,0.0,2025090705,59850.0,,202509070nor,28425,401772718,6741,7,7,-270,220,-6.0,-108,-112,44.5,-112,-108,0,dome,sportturf,,,00-0035228,00-0039376,Kyler Murray,Spencer Rattler,Jonathan Gannon,Kellen Moore,Scott Novak,NOR00,Mercedes-Benz Superdome
2025_01_PIT_NYJ,2025,REG,1,2025-09-07,Sunday,13:00,PIT,34.0,NYJ,32.0,Home,-2.0,66.0,0.0,2025090706,59851.0,,202509070nyj,28426,401772721,6742,7,7,-155,130,-3.0,-110,-110,37.5,-108,-112,0,outdoors,fieldturf,67.0,3.0,00-0023459,00-0036945,Aaron Rodgers,Justin Fields,Mike Tomlin,Aaron Glenn,Bill Vinovich,NYC01,MetLife Stadium
2025_01_NYG_WAS,2025,REG,1,2025-09-07,Sunday,13:00,NYG,6.0,WAS,21.0,Home,15.0,27.0,0.0,2025090707,59852.0,,202509070was,28427,401772827,6743,7,7,240,-298,6.0,-108,-112,45.5,-110,-110,1,outdoors,grass,68.0,5.0,00-0029263,00-0039910,Russell Wilson,Jayden Daniels,Brian Daboll,Dan Quinn,Clay Martin,WAS00,FedExField
2025_01_TEN_DEN,2025,REG,1,2025-09-07,Sunday,16:05,TEN,12.0,DEN,20.0,Home,8.0,32.0,0.0,2025090708,59853.0,,202509070den,28428,401772832,6744,7,7,350,-455,8.5,-105,-115,42.5,-108,-112,0,outdoors,grass,84.0,6.0,00-0040676,00-0039732,Cam Ward,Bo Nix,Brian Callahan,Sean Payton,Alex Kemp,DEN00,Empower Field at Mile High
2025_01_SF_SEA,2025,REG,1,2025-09-07,Sunday,16:05,SF,17.0,SEA,13.0,Home,-4.0,30.0,0.0,2025090709,59854.0,,202509070sea,28429,401772831,6745,7,7,-135,114,-2.5,-105,-115,43.5,-112,-108,1,outdoors,fieldturf,67.0,6.0,00-0037834,00-0034869,Brock Purdy,Sam Darnold,Kyle Shanahan,Mike Macdonald,Shawn Hochuli,SEA00,Lumen Field
2025_01_DET_GB,2025,REG,1,2025-09-07,Sunday,16:25,DET,13.0,GB,27.0,Home,14.0,40.0,0.0,2025090710,59855.0,,202509070gnb,28430,401772722,6746,7,7,100,-120,1.5,-115,-105,48.5,-115,-105,1,outdoors,grass,60.0,5.0,00-0033106,00-0036264,Jared Goff,Jordan Love,Dan Campbell,Matt LaFleur,Clete Blakeman,GNB00,Lambeau Field
2025_01_HOU_LA,2025,REG,1,2025-09-07,Sunday,16:25,HOU,9.0,LA,14.0,Home,5.0,23.0,0.0,2025090711,59856.0,,202509070ram,28431,401772723,6747,7,7,140,-166,3.5,-118,-102,43.5,-115,-105,0,dome,matrixturf,,,00-0039163,00-0026498,C.J. Stroud,Matthew Stafford,DeMeco Ryans,Sean McVay,Craig Wrolstad,LAX01,SoFi Stadium
2025_01_BAL_BUF,2025,REG,1,2025-09-07,Sunday,20:20,BAL,40.0,BUF,41.0,Home,1.0,81.0,0.0,2025090712,59857.0,,202509070buf,28432,401772918,6748,7,7,-130,110,-1.5,-118,-102,50.5,-105,-115,0,outdoors,a_turf,58.0,8.0,00-0034796,00-0034857,Lamar Jackson,Josh Allen,John Harbaugh,Sean McDermott,John Hussey,BUF00,New Era Field
2025_01_MIN_CHI,2025,REG,1,2025-09-08,Monday,20:15,MIN,27.0,CHI,24.0,Home,-3.0,51.0,0.0,2025090800,59858.0,,202509080chi,28433,401772810,6749,7,7,-112,-108,-1.5,100,-120,43.5,-112,-108,1,outdoors,grass,68.0,6.0,00-0039923,00-0039918,J.J. McCarthy,Caleb Williams,Kevin O'Connell,Ben Johnson,Alan Eck,CHI98,Soldier Field
2025_02_WAS_GB,2025,REG,2,2025-09-11,Thursday,20:15,WAS,18.0,GB,27.0,Home,9.0,45.0,0.0,2025091100,59859.0,,202509110gnb,28434,401772936,6750,4,4,154,-185,3.5,-118,-102,48.5,-105,-115,0,outdoors,grass,65.0,7.0,00-0039910,00-0036264,Jayden Daniels,Jordan Love,Dan Quinn,Matt LaFleur,Brad Rogers,GNB00,Lambeau Field
2025_02_CLE_BAL,2025,REG,2,2025-09-14,Sunday,13:00,CLE,17.0,BAL,41.0,Home,24.0,58.0,0.0,2025091400,59860.0,,202509140rav,28435,401772726,6751,7,7,600,-900,12.5,-105,-115,46.5,-110,-110,1,outdoors,grass,82.0,3.0,00-0026158,00-0034796,Joe Flacco,Lamar Jackson,Kevin Stefanski,John Harbaugh,Brad Allen,BAL00,M&T Bank Stadium
2025_02_JAX_CIN,2025,REG,2,2025-09-14,Sunday,13:00,JAX,27.0,CIN,31.0,Home,4.0,58.0,0.0,2025091401,59861.0,,202509140cin,28436,401772725,6752,7,7,160,-192,3.5,-115,-105,49.5,-115,-105,0,outdoors,fieldturf,85.0,3.0,00-0036971,00-0036442,Trevor Lawrence,Joe Burrow,Liam Coen,Zac Taylor,Alan Eck,CIN00,Paycor Stadium
2025_02_NYG_DAL,2025,REG,2,2025-09-14,Sunday,13:00,NYG,37.0,DAL,40.0,Home,3.0,77.0,1.0,2025091402,59862.0,,202509140dal,28437,401772834,6753,7,10,195,-238,4.5,100,-120,44.5,-110,-110,1,closed,matrixturf,,,00-0029263,00-0033077,Russell Wilson,Dak Prescott,Brian Daboll,Brian Schottenheimer,Bill Vinovich,DAL00,AT&T Stadium
2025_02_CHI_DET,2025,REG,2,2025-09-14,Sunday,13:00,CHI,21.0,DET,52.0,Home,31.0,73.0,0.0,2025091403,59863.0,,202509140det,28438,401772835,6754,6,7,220,-270,6.0,-110,-110,46.5,-112,-108,1,dome,fieldturf,,,00-0039918,00-0033106,Caleb Williams,Jared Goff,Ben Johnson,Dan Campbell,Land Clark,DET00,Ford Field
2025_02_NE_MIA,2025,REG,2,2025-09-14,Sunday,13:00,NE,33.0,MIA,27.0,Home,-6.0,60.0,0.0,2025091404,59864.0,,202509140mia,28439,401772728,6755,7,7,105,-125,1.5,-110,-110,43.5,-115,-105,1,outdoors,grass,89.0,4.0,00-0039851,00-0036212,Drake Maye,Tua Tagovailoa,Mike Vrabel,Mike McDaniel,Alex Moore,MIA00,Hard Rock Stadium
2025_02_SF_NO,2025,REG,2,2025-09-14,Sunday,13:00,SF,26.0,NO,21.0,Home,-5.0,47.0,0.0,2025091405,59865.0,,202509140nor,28440,401772833,6756,7,7,-166,140,-3.0,-110,-110,40.5,-105,-115,0,dome,sportturf,,,00-0036972,00-0039376,Mac Jones,Spencer Rattler,Kyle Shanahan,Kellen Moore,Shawn Smith,NOR00,Mercedes-Benz Superdome
2025_02_BUF_NYJ,2025,REG,2,2025-09-14,Sunday,13:00,BUF,30.0,NYJ,10.0,Home,-20.0,40.0,0.0,2025091406,59866.0,,202509140nyj,28441,401772727,6757,7,7,-290,235,-6.0,-112,-108,47.5,-110,-110,1,outdoors,fieldturf,80.0,3.0,00-0034857,00-0036945,Josh Allen,Justin Fields,Sean McDermott,Aaron Glenn,Clete Blakeman,NYC01,MetLife Stadium
2025_02_SEA_PIT,2025,REG,2,2025-09-14,Sunday,13:00,SEA,31.0,PIT,17.0,Home,-14.0,48.0,0.0,2025091407,59867.0,,202509140pit,28442,401772836,6758,7,7,160,-192,3.5,-110,-110,40.5,-108,-112,0,outdoors,grass,79.0,5.0,00-0034869,00-0023459,Sam Darnold,Aaron Rodgers,Mike Macdonald,Mike Tomlin,Scott Novak,PIT00,Acrisure Stadium
2025_02_LA_TEN,2025,REG,2,2025-09-14,Sunday,13:00,LA,33.0,TEN,19.0,Home,-14.0,52.0,0.0,2025091408,59868.0,,202509140oti,28443,401772724,6759,7,7,-250,205,-5.5,-108,-112,41.5,-112,-108,0,outdoors,grass,83.0,3.0,00-0026498,00-0040676,Matthew Stafford,Cam Ward,Sean McVay,Brian Callahan,John Hussey,NAS00,Nissan Stadium
2025_02_CAR_ARI,2025,REG,2,2025-09-14,Sunday,16:05,CAR,22.0,ARI,27.0,Home,5.0,49.0,0.0,2025091409,59869.0,,202509140crd,28445,401772730,6760,7,7,250,-310,7.0,-110,-110,45.5,-110,-110,0,closed,grass,,,00-0039150,00-0035228,Bryce Young,Kyler Murray,Dave Canales,Jonathan Gannon,Ron Torbert,PHO00,State Farm Stadium
2025_02_DEN_IND,2025,REG,2,2025-09-14,Sunday,16:05,DEN,28.0,IND,29.0,Home,1.0,57.0,0.0,2025091410,59870.0,,202509140clt,28444,401772729,6761,7,7,-130,110,-2.5,-105,-115,43.5,-112,-108,0,closed,fieldturf,,,00-0039732,00-0035710,Bo Nix,Daniel Jones,Sean Payton,Shane Steichen,Craig Wrolstad,IND00,Lucas Oil Stadium
2025_02_PHI_KC,2025,REG,2,2025-09-14,Sunday,16:25,PHI,20.0,KC,17.0,Home,-3.0,37.0,0.0,2025091411,59871.0,,202509140kan,28446,401772837,6762,10,9,-122,102,-1.5,-110,-110,46.5,-102,-118,0,outdoors,grass,88.0,12.0,00-0036389,00-0033873,Jalen Hurts,Patrick Mahomes,Nick Sirianni,Andy Reid,Alex Kemp,KAN00,GEHA Field at Arrowhead Stadium
2025_02_ATL_MIN,2025,REG,2,2025-09-14,Sunday,20:20,ATL,22.0,MIN,6.0,Home,-16.0,28.0,0.0,2025091412,59872.0,,202509140min,28447,401772919,6763,7,6,150,-180,3.5,-115,-105,44.5,-110,-110,0,dome,sportturf,,,00-0039917,00-0039923,Michael Penix,J.J. McCarthy,Raheem Morris,Kevin O'Connell,Adrian Hill,MIN01,U.S. Bank Stadium
2025_02_TB_HOU,2025,REG,2,2025-09-15,Monday,19:00,TB,20.0,HOU,19.0,Home,-1.0,39.0,0.0,2025091500,59873.0,,202509150htx,28448,401772715,6765,8,8,114,-135,2.5,-110,-110,42.5,-110,-110,0,closed,astroturf,,,00-0034855,00-0039163,Baker Mayfield,C.J. Stroud,Todd Bowles,DeMeco Ryans,Shawn Hochuli,HOU00,NRG Stadium
2025_02_LAC_LV,2025,REG,2,2025-09-15,Monday,22:00,LAC,20.0,LV,9.0,Home,-11.0,29.0,0.0,2025091501,59874.0,,202509150rai,28449,401772811,6764,10,8,-198,164,-3.5,-105,-115,46.5,-102,-118,1,dome,grass,,,00-0036355,00-0030565,Justin Herbert,Geno Smith,Jim Harbaugh,Pete Carroll,Clay Martin,VEG00,Allegiant Stadium
2025_03_MIA_BUF,2025,REG,3,2025-09-18,Thursday,20:15,MIA,21.0,BUF,31.0,Home,10.0,52.0,0.0,2025091800,59875.0,,202509180buf,28450,401772937,6766,4,4,550,-800,12.5,-110,-110,50.5,-112,-108,1,outdoors,a_turf,68.0,7.0,00-0036212,00-0034857,Tua Tagovailoa,Josh Allen,Mike McDaniel,Sean McDermott,Alan Eck,BUF00,New Era Field
2025_03_ATL_CAR,2025,REG,3,2025-09-21,Sunday,13:00,ATL,0.0,CAR,30.0,Home,30.0,30.0,0.0,2025092100,59876.0,,202509210car,28452,401772838,6767,7,7,-225,185,-5.5,-105,-115,44.5,-115,-105,1,outdoors,grass,83.0,5.0,00-0039917,00-0039150,Michael Penix,Bryce Young,Raheem Morris,Dave Canales,Craig Wrolstad,CAR00,Bank of America Stadium
2025_03_GB_CLE,2025,REG,3,2025-09-21,Sunday,13:00,GB,10.0,CLE,13.0,Home,3.0,23.0,0.0,2025092101,59877.0,,202509210cle,28453,401772842,6768,10,7,-470,360,-8.5,-102,-118,41.5,-115,-105,0,outdoors,grass,79.0,10.0,00-0036264,00-0026158,Jordan Love,Joe Flacco,Matt LaFleur,Kevin Stefanski,Carl Cheffers,CLE00,FirstEnergy Stadium
2025_03_HOU_JAX,2025,REG,3,2025-09-21,Sunday,13:00,HOU,10.0,JAX,17.0,Home,7.0,27.0,0.0,2025092102,59878.0,,202509210jax,28454,401772734,6769,6,7,105,-125,1.5,-108,-112,43.5,-115,-105,1,outdoors,grass,85.0,11.0,00-0039163,00-0036971,C.J. Stroud,Trevor Lawrence,DeMeco Ryans,Liam Coen,Alex Kemp,JAX00,TIAA Bank Stadium
2025_03_CIN_MIN,2025,REG,3,2025-09-21,Sunday,13:00,CIN,10.0,MIN,48.0,Home,38.0,58.0,0.0,2025092103,59879.0,,202509210min,28455,401772731,6770,7,7,136,-162,3.0,-110,-110,41.5,-105,-115,0,dome,sportturf,,,00-0035100,00-0032950,Jake Browning,Carson Wentz,Zac Taylor,Kevin O'Connell,Ron Torbert,MIN01,U.S. Bank Stadium
2025_03_PIT_NE,2025,REG,3,2025-09-21,Sunday,13:00,PIT,21.0,NE,14.0,Home,-7.0,35.0,0.0,2025092104,59880.0,,202509210nwe,28456,401772732,6771,7,7,-120,100,-1.5,-105,-115,44.5,-112,-108,0,outdoors,fieldturf,66.0,5.0,00-0023459,00-0039851,Aaron Rodgers,Drake Maye,Mike Tomlin,Mike Vrabel,Clete Blakeman,BOS00,Gillette Stadium
2025_03_LA_PHI,2025,REG,3,2025-09-21,Sunday,13:00,LA,26.0,PHI,33.0,Home,7.0,59.0,0.0,2025092105,59881.0,,202509210phi,28457,401772839,6772,7,7,164,-198,3.5,-108,-112,45.5,-108,-112,0,outdoors,grass,73.0,9.0,00-0026498,00-0036389,Matthew Stafford,Jalen Hurts,Sean McVay,Nick Sirianni,Brad Rogers,PHI00,Lincoln Financial Field
2025_03_NYJ_TB,2025,REG,3,2025-09-21,Sunday,13:00,NYJ,27.0,TB,29.0,Home,2.0,56.0,0.0,2025092106,59882.0,,202509210tam,28458,401772840,6773,7,6,275,-345,6.5,-105,-115,43.5,-115,-105,0,outdoors,grass,88.0,5.0,00-0028118,00-0034855,Tyrod Taylor,Baker Mayfield,Aaron Glenn,Todd Bowles,Adrian Hill,TAM00,Raymond James Stadium
2025_03_IND_TEN,2025,REG,3,2025-09-21,Sunday,13:00,IND,41.0,TEN,20.0,Home,-21.0,61.0,0.0,2025092107,59883.0,,202509210oti,28459,401772733,6774,7,7,-245,200,-6.0,-108,-112,43.5,-115,-105,1,outdoors,grass,84.0,8.0,00-0035710,00-0040676,Daniel Jones,Cam Ward,Shane Steichen,Brian Callahan,Scott Novak,NAS00,Nissan Stadium
2025_03_LV_WAS,2025,REG,3,2025-09-21,Sunday,13:00,LV,24.0,WAS,41.0,Home,17.0,65.0,0.0,2025092108,59884.0,,202509210was,28460,401772841,6775,6,10,130,-155,2.5,100,-120,43.5,-110,-110,0,outdoors,grass,72.0,6.0,00-0030565,00-0032268,Geno Smith,Marcus Mariota,Pete Carroll,Dan Quinn,Shawn Hochuli,WAS00,FedExField
2025_03_DEN_LAC,2025,REG,3,2025-09-21,Sunday,16:05,DEN,20.0,LAC,23.0,Home,3.0,43.0,0.0,2025092109,59885.0,,202509210sdg,28461,401772735,6776,7,6,130,-155,2.5,100,-120,45.5,-110,-110,1,dome,matrixturf,,,00-0039732,00-0036355,Bo Nix,Justin Herbert,Sean Payton,Jim Harbaugh,Shawn Smith,LAX01,SoFi Stadium
2025_03_NO_SEA,2025,REG,3,2025-09-21,Sunday,16:05,NO,13.0,SEA,44.0,Home,31.0,57.0,0.0,2025092110,59886.0,,202509210sea,28462,401772736,6777,7,7,295,-375,7.5,-115,-105,41.5,-108,-112,0,outdoors,fieldturf,63.0,3.0,00-0039376,00-0034869,Spencer Rattler,Sam Darnold,Kellen Moore,Mike Macdonald,Alex Moore,SEA00,Lumen Field
2025_03_DAL_CHI,2025,REG,3,2025-09-21,Sunday,16:25,DAL,14.0,CHI,31.0,Home,17.0,45.0,0.0,2025092111,59887.0,,202509210chi,28463,401772844,6778,7,7,-125,105,-1.5,-115,-105,49.5,100,-120,0,outdoors,grass,82.0,4.0,00-0033077,00-0039918,Dak Prescott,Caleb Williams,Brian Schottenheimer,Ben Johnson,Clay Martin,CHI98,Soldier Field
2025_03_ARI_SF,2025,REG,3,2025-09-21,Sunday,16:25,ARI,15.0,SF,16.0,Home,1.0,31.0,0.0,2025092112,59888.0,,202509210sfo,28464,401772843,6779,7,7,105,-125,1.5,-112,-108,44.5,-112,-108,1,outdoors,grass,72.0,7.0,00-0035228,00-0036972,Kyler Murray,Mac Jones,Jonathan Gannon,Kyle Shanahan,John Hussey,SFO01,Levi's Stadium
2025_03_KC_NYG,2025,REG,3,2025-09-21,Sunday,20:20,KC,22.0,NYG,9.0,Home,-13.0,31.0,0.0,2025092113,59889.0,,202509210nyg,28465,401772920,6780,7,7,-325,260,-6.0,-115,-105,44.5,-105,-115,0,outdoors,fieldturf,65.0,5.0,00-0033873,00-0029263,Patrick Mahomes,Russell Wilson,Andy Reid,Brian Daboll,Land Clark,NYC01,MetLife Stadium
2025_03_DET_BAL,2025,REG,3,2025-09-22,Monday,20:15,DET,38.0,BAL,30.0,Home,-8.0,68.0,0.0,2025092200,59890.0,,202509220rav,28451,401772812,6781,8,8,200,-245,4.5,-105,-115,53.5,-105,-115,0,outdoors,grass,74.0,7.0,00-0033106,00-0034796,Jared Goff,Lamar Jackson,Dan Campbell,John Harbaugh,Bill Vinovich,BAL00,M&T Bank Stadium
2025_04_SEA_ARI,2025,REG,4,2025-09-25,Thursday,20:15,SEA,23.0,ARI,20.0,Home,-3.0,43.0,0.0,2025092500,59891.0,,202509250crd,28466,401772938,6782,4,4,-125,105,-1.5,-110,-110,43.5,-108,-112,1,closed,grass,,,00-0034869,00-0035228,Sam Darnold,Kyler Murray,Mike Macdonald,Jonathan Gannon,Alex Kemp,PHO00,State Farm Stadium
2025_04_MIN_PIT,2025,REG,4,2025-09-28,Sunday,09:30,MIN,21.0,PIT,24.0,Neutral,3.0,45.0,0.0,2025092800,59892.0,,202509280pit,28467,401772632,6783,7,7,-148,124,-2.5,-125,105,41.5,-115,-105,0,outdoors,grass,61.0,5.0,00-0032950,00-0023459,Carson Wentz,Aaron Rodgers,Kevin O'Connell,Mike Tomlin,Brad Allen,PIT00,Acrisure Stadium
2025_04_WAS_ATL,2025,REG,4,2025-09-28,Sunday,13:00,WAS,27.0,ATL,34.0,Home,7.0,61.0,0.0,2025092801,59893.0,,202509280atl,28468,401772739,6784,7,7,120,-142,2.5,-110,-110,43.5,-112,-108,0,closed,fieldturf,,,00-0039910,00-0039917,Jayden Daniels,Michael Penix,Dan Quinn,Raheem Morris,Scott Novak,ATL97,Mercedes-Benz Stadium
2025_04_NO_BUF,2025,REG,4,2025-09-28,Sunday,13:00,NO,19.0,BUF,31.0,Home,12.0,50.0,0.0,2025092802,59894.0,,202509280buf,28469,401772740,6785,7,10,800,-1350,15.5,-115,-105,48.5,-115,-105,0,outdoors,a_turf,73.0,7.0,00-0039376,00-0034857,Spencer Rattler,Josh Allen,Kellen Moore,Sean McDermott,Land Clark,BUF00,New Era Field
2025_04_CLE_DET,2025,REG,4,2025-09-28,Sunday,13:00,CLE,10.0,DET,34.0,Home,24.0,44.0,0.0,2025092803,59895.0,,202509280det,28470,401772846,6786,7,6,410,-550,10.0,-108,-112,44.5,-115,-105,0,dome,fieldturf,,,00-0026158,00-0033106,Joe Flacco,Jared Goff,Kevin Stefanski,Dan Campbell,Shawn Smith,DET00,Ford Field
2025_04_TEN_HOU,2025,REG,4,2025-09-28,Sunday,13:00,TEN,0.0,HOU,26.0,Home,26.0,26.0,0.0,2025092804,59896.0,,202509280htx,28471,401772738,6787,7,7,340,-440,7.5,-115,-105,39.5,-105,-115,1,closed,astroturf,,,00-0040676,00-0039163,Cam Ward,C.J. Stroud,Brian Callahan,DeMeco Ryans,Brad Rogers,HOU00,NRG Stadium
2025_04_CAR_NE,2025,REG,4,2025-09-28,Sunday,13:00,CAR,13.0,NE,42.0,Home,29.0,55.0,0.0,2025092805,59897.0,,202509280nwe,28472,401772847,6788,7,7,215,-265,5.5,-108,-112,42.5,-108,-112,0,outdoors,fieldturf,76.0,7.0,00-0039150,00-0039851,Bryce Young,Drake Maye,Dave Canales,Mike Vrabel,Bill Vinovich,BOS00,Gillette Stadium
2025_04_LAC_NYG,2025,REG,4,2025-09-28,Sunday,13:00,LAC,18.0,NYG,21.0,Home,3.0,39.0,0.0,2025092806,59898.0,,202509280nyg,28473,401772737,6789,7,7,-285,230,-6.0,-112,-108,43.5,-115,-105,0,outdoors,fieldturf,81.0,4.0,00-0036355,00-0040691,Justin Herbert,Jaxson Dart,Jim Harbaugh,Brian Daboll,Shawn Hochuli,NYC01,MetLife Stadium
2025_04_PHI_TB,2025,REG,4,2025-09-28,Sunday,13:00,PHI,31.0,TB,25.0,Home,-6.0,56.0,0.0,2025092807,59899.0,,202509280tam,28474,401772845,6790,7,7,-185,154,-3.5,-102,-118,44.5,-118,-102,0,outdoors,grass,88.0,6.0,00-0036389,00-0034855,Jalen Hurts,Baker Mayfield,Nick Sirianni,Todd Bowles,Alan Eck,TAM00,Raymond James Stadium
2025_04_IND_LA,2025,REG,4,2025-09-28,Sunday,16:05,IND,20.0,LA,27.0,Home,7.0,47.0,0.0,2025092808,59900.0,,202509280ram,28475,401772849,6791,7,7,154,-185,3.5,-105,-115,49.5,-105,-115,0,dome,matrixturf,,,00-0035710,00-0026498,Daniel Jones,Matthew Stafford,Shane Steichen,Sean McVay,Carl Cheffers,LAX01,SoFi Stadium
2025_04_JAX_SF,2025,REG,4,2025-09-28,Sunday,16:05,JAX,26.0,SF,21.0,Home,-5.0,47.0,0.0,2025092809,59901.0,,202509280sfo,28476,401772848,6792,7,7,150,-180,3.5,-120,100,45.5,-108,-112,0,outdoors,grass,72.0,7.0,00-0036971,00-0037834,Trevor Lawrence,Brock Purdy,Liam Coen,Kyle Shanahan,Clete Blakeman,SFO01,Levi's Stadium
2025_04_BAL_KC,2025,REG,4,2025-09-28,Sunday,16:25,BAL,20.0,KC,37.0,Home,17.0,57.0,0.0,2025092810,59902.0,,202509280kan,28478,401772741,6793,6,7,-148,124,-2.5,-120,100,48.5,100,-120,0,outdoors,grass,89.0,10.0,00-0034796,00-0033873,Lamar Jackson,Patrick Mahomes,John Harbaugh,Andy Reid,Clay Martin,KAN00,GEHA Field at Arrowhead Stadium
2025_04_CHI_LV,2025,REG,4,2025-09-28,Sunday,16:25,CHI,25.0,LV,24.0,Home,-1.0,49.0,0.0,2025092811,59903.0,,202509280rai,28477,401772742,6794,7,7,105,-125,1.5,-110,-110,47.5,-105,-115,0,dome,grass,,,00-0039918,00-0030565,Caleb Williams,Geno Smith,Ben Johnson,Pete Carroll,Adrian Hill,VEG00,Allegiant Stadium
2025_04_GB_DAL,2025,REG,4,2025-09-28,Sunday,20:20,GB,40.0,DAL,40.0,Home,0.0,80.0,1.0,2025092812,59904.0,,202509280dal,28479,401772921,6795,7,7,-345,275,-7.0,-105,-115,47.5,-115,-105,0,closed,matrixturf,,,00-0036264,00-0033077,Jordan Love,Dak Prescott,Matt LaFleur,Brian Schottenheimer,Ron Torbert,DAL00,AT&T Stadium
2025_04_NYJ_MIA,2025,REG,4,2025-09-29,Monday,19:15,NYJ,21.0,MIA,27.0,Home,6.0,48.0,0.0,2025092900,59905.0,,202509290mia,28481,401772813,6796,8,11,124,-148,2.5,-105,-115,44.5,-120,100,1,outdoors,grass,88.0,17.0,00-0036945,00-0036212,Justin Fields,Tua Tagovailoa,Aaron Glenn,Mike McDaniel,Craig Wrolstad,MIA00,Hard Rock Stadium
2025_04_CIN_DEN,2025,REG,4,2025-09-29,Monday,20:15,CIN,3.0,DEN,28.0,Home,25.0,31.0,0.0,2025092901,59906.0,,202509290den,28480,401772716,6797,8,8,360,-470,7.5,-115,-105,44.5,-115,-105,0,outdoors,grass,66.0,12.0,00-0035100,00-0039732,Jake Browning,Bo Nix,Zac Taylor,Sean Payton,Alex Moore,DEN00,Empower Field at Mile High
2025_05_SF_LA,2025,REG,5,2025-10-02,Thursday,20:15,SF,26.0,LA,23.0,Home,-3.0,49.0,1.0,2025100200,59907.0,,202510020ram,28482,401772939,6798,4,4,340,-440,8.5,-110,-110,43.5,-108,-112,1,dome,matrixturf,,,00-0036972,00-0026498,Mac Jones,Matthew Stafford,Kyle Shanahan,Sean McVay,Bill Vinovich,LAX01,SoFi Stadium
2025_05_MIN_CLE,2025,REG,5,2025-10-05,Sunday,09:30,MIN,21.0,CLE,17.0,Neutral,-4.0,38.0,0.0,2025100500,59908.0,,202510050cle,28483,401772633,6799,7,7,-198,164,-3.5,-110,-110,35.5,-112,-108,0,outdoors,grass,61.0,14.0,00-0032950,00-0040704,Carson Wentz,Dillon Gabriel,Kevin O'Connell,Kevin Stefanski,Scott Novak,CLE00,FirstEnergy Stadium
2025_05_HOU_BAL,2025,REG,5,2025-10-05,Sunday,13:00,HOU,44.0,BAL,10.0,Home,-34.0,54.0,0.0,2025100501,59909.0,,202510050rav,28484,401772743,6800,7,7,-148,124,-2.5,-118,-102,41.5,-115,-105,0,outdoors,grass,78.0,2.0,00-0039163,00-0033662,C.J. Stroud,Cooper Rush,DeMeco Ryans,John Harbaugh,Land Clark,BAL00,M&T Bank Stadium
2025_05_MIA_CAR,2025,REG,5,2025-10-05,Sunday,13:00,MIA,24.0,CAR,27.0,Home,3.0,51.0,0.0,2025100502,59910.0,,202510050car,28485,401772852,6801,6,7,-120,100,-1.5,-105,-115,44.5,-105,-115,0,outdoors,grass,77.0,8.0,00-0036212,00-0039150,Tua Tagovailoa,Bryce Young,Mike McDaniel,Dave Canales,Clay Martin,CAR00,Bank of America Stadium
2025_05_LV_IND,2025,REG,5,2025-10-05,Sunday,13:00,LV,6.0,IND,40.0,Home,34.0,46.0,0.0,2025100503,59911.0,,202510050clt,28486,401772851,6802,7,7,285,-360,7.0,100,-120,46.5,-108,-112,0,closed,fieldturf,,,00-0030565,00-0035710,Geno Smith,Daniel Jones,Pete Carroll,Shane Steichen,Alex Kemp,IND00,Lucas Oil Stadium
2025_05_NYG_NO,2025,REG,5,2025-10-05,Sunday,13:00,NYG,14.0,NO,26.0,Home,12.0,40.0,0.0,2025100504,59912.0,,202510050nor,28487,401772744,6803,7,7,100,-120,1.5,-115,-105,41.5,-105,-115,0,dome,sportturf,,,00-0040691,00-0039376,Jaxson Dart,Spencer Rattler,Brian Daboll,Kellen Moore,Alan Eck,NOR00,Mercedes-Benz Superdome
2025_05_DAL_NYJ,2025,REG,5,2025-10-05,Sunday,13:00,DAL,37.0,NYJ,22.0,Home,-15.0,59.0,0.0,2025100505,59913.0,,202510050nyj,28488,401772850,6804,7,6,-105,-115,1.5,-120,100,48.5,-110,-110,0,outdoors,fieldturf,82.0,3.0,00-0033077,00-0036945,Dak Prescott,Justin Fields,Brian Schottenheimer,Aaron Glenn,Alex Moore,NYC01,MetLife Stadium
2025_05_DEN_PHI,2025,REG,5,2025-10-05,Sunday,13:00,DEN,21.0,PHI,17.0,Home,-4.0,38.0,0.0,2025100506,59914.0,,202510050phi,28489,401772745,6805,6,7,180,-218,3.5,-105,-115,44.5,-115,-105,0,outdoors,grass,80.0,6.0,00-0039732,00-0036389,Bo Nix,Jalen Hurts,Sean Payton,Nick Sirianni,Adrian Hill,PHI00,Lincoln Financial Field
2025_05_TEN_ARI,2025,REG,5,2025-10-05,Sunday,16:05,TEN,22.0,ARI,21.0,Home,-1.0,43.0,0.0,2025100507,59915.0,,202510050crd,28491,401772747,6806,7,10,330,-425,7.5,-108,-112,41.5,-110,-110,0,closed,grass,,,00-0040676,00-0035228,Cam Ward,Kyler Murray,Brian Callahan,Jonathan Gannon,Shawn Smith,PHO00,State Farm Stadium
2025_05_TB_SEA,2025,REG,5,2025-10-05,Sunday,16:05,TB,38.0,SEA,35.0,Home,-3.0,73.0,0.0,2025100508,59916.0,,202510050sea,28490,401772746,6807,7,10,150,-180,3.5,-115,-105,44.5,-110,-110,0,outdoors,fieldturf,61.0,8.0,00-0034855,00-0034869,Baker Mayfield,Sam Darnold,Todd Bowles,Mike Macdonald,Craig Wrolstad,SEA00,Lumen Field
2025_05_DET_CIN,2025,REG,5,2025-10-05,Sunday,16:25,DET,37.0,CIN,24.0,Home,-13.0,61.0,0.0,2025100509,59917.0,,202510050cin,28492,401772854,6808,7,6,-575,425,-10.5,-102,-118,49.5,-112,-108,0,outdoors,fieldturf,84.0,7.0,00-0033106,00-0035100,Jared Goff,Jake Browning,Dan Campbell,Zac Taylor,Carl Cheffers,CIN00,Paycor Stadium
2025_05_WAS_LAC,2025,REG,5,2025-10-05,Sunday,16:25,WAS,27.0,LAC,10.0,Home,-17.0,37.0,0.0,2025100510,59918.0,,202510050sdg,28493,401772853,6809,7,7,130,-155,2.5,100,-120,47.5,-115,-105,0,dome,matrixturf,,,00-0039910,00-0036355,Jayden Daniels,Justin Herbert,Dan Quinn,Jim Harbaugh,John Hussey,LAX01,SoFi Stadium
2025_05_NE_BUF,2025,REG,5,2025-10-05,Sunday,20:20,NE,23.0,BUF,20.0,Home,-3.0,43.0,0.0,2025100511,59919.0,,202510050buf,28494,401772922,6810,7,7,310,-395,7.5,-105,-115,49.5,-108,-112,1,outdoors,a_turf,66.0,3.0,00-0039851,00-0034857,Drake Maye,Josh Allen,Mike Vrabel,Sean McDermott,Shawn Hochuli,BUF00,New Era Field
2025_05_KC_JAX,2025,REG,5,2025-10-06,Monday,20:15,KC,28.0,JAX,31.0,Home,3.0,59.0,0.0,2025100600,59920.0,,202510060jax,28495,401772814,6811,8,8,-198,164,-3.5,-110,-110,45.5,-108,-112,0,outdoors,grass,80.0,12.0,00-0033873,00-0036971,Patrick Mahomes,Trevor Lawrence,Andy Reid,Liam Coen,Brad Rogers,JAX00,TIAA Bank Stadium
2025_06_PHI_NYG,2025,REG,6,2025-10-09,Thursday,20:15,PHI,17.0,NYG,34.0,Home,17.0,51.0,0.0,2025100900,59921.0,,202510090nyg,28496,401772940,6812,4,4,-395,310,-7.0,-120,100,40.5,-105,-115,1,outdoors,fieldturf,53.0,3.0,00-0036389,00-0040691,Jalen Hurts,Jaxson Dart,Nick Sirianni,Brian Daboll,Clete Blakeman,NYC01,MetLife Stadium
2025_06_DEN_NYJ,2025,REG,6,2025-10-12,Sunday,09:30,DEN,13.0,NYJ,11.0,Neutral,-2.0,24.0,0.0,2025101200,59922.0,,202510120nyj,28497,401772634,6813,7,7,-395,310,-7.5,100,-120,43.5,-112,-108,0,outdoors,grass,59.0,6.0,00-0039732,00-0036945,Bo Nix,Justin Fields,Sean Payton,Aaron Glenn,Land Clark,NYC01,MetLife Stadium
2025_06_LA_BAL,2025,REG,6,2025-10-12,Sunday,13:00,LA,17.0,BAL,3.0,Home,-14.0,20.0,0.0,2025101201,59923.0,,202510120rav,28498,401772855,6814,10,7,-355,280,-7.0,-105,-115,43.5,-108,-112,0,outdoors,grass,64.0,15.0,00-0026498,00-0033662,Matthew Stafford,Cooper Rush,Sean McVay,John Harbaugh,Alex Kemp,BAL00,M&T Bank Stadium
2025_06_DAL_CAR,2025,REG,6,2025-10-12,Sunday,13:00,DAL,27.0,CAR,30.0,Home,3.0,57.0,0.0,2025101202,59924.0,,202510120car,28499,401772858,6815,7,7,-175,145,-3.0,-118,-102,47.5,-105,-115,0,outdoors,grass,68.0,15.0,00-0033077,00-0039150,Dak Prescott,Bryce Young,Brian Schottenheimer,Dave Canales,John Hussey,CAR00,Bank of America Stadium
2025_06_ARI_IND,2025,REG,6,2025-10-12,Sunday,13:00,ARI,27.0,IND,31.0,Home,4.0,58.0,0.0,2025101203,59925.0,,202510120clt,28500,401772856,6816,7,7,360,-470,8.5,-110,-110,46.5,-122,102,0,closed,fieldturf,,,00-0033119,00-0035710,Jacoby Brissett,Daniel Jones,Jonathan Gannon,Shane Steichen,Shawn Hochuli,IND00,Lucas Oil Stadium
2025_06_SEA_JAX,2025,REG,6,2025-10-12,Sunday,13:00,SEA,20.0,JAX,12.0,Home,-8.0,32.0,0.0,2025101204,59926.0,,202510120jax,28501,401772857,6817,7,6,-115,-105,-1.5,100,-120,47.5,-115,-105,0,outdoors,grass,76.0,8.0,00-0034869,00-0036971,Sam Darnold,Trevor Lawrence,Mike Macdonald,Liam Coen,Clay Martin,JAX00,TIAA Bank Stadium
2025_06_LAC_MIA,2025,REG,6,2025-10-12,Sunday,13:00,LAC,29.0,MIA,27.0,Home,-2.0,56.0,0.0,2025101205,59927.0,,202510120mia,28502,401772750,6818,7,7,-205,170,-3.5,-115,-105,45.5,-115,-105,0,outdoors,grass,85.0,4.0,00-0036355,00-0036212,Justin Herbert,Tua Tagovailoa,Jim Harbaugh,Mike McDaniel,Bill Vinovich,MIA00,Hard Rock Stadium
2025_06_NE_NO,2025,REG,6,2025-10-12,Sunday,13:00,NE,25.0,NO,19.0,Home,-6.0,44.0,0.0,2025101210,59932.0,,202510120nor,28507,401772751,6823,7,7,-192,160,-3.5,-105,-115,46.5,-115,-105,0,dome,sportturf,,,00-0039851,00-0039376,Drake Maye,Spencer Rattler,Mike Vrabel,Kellen Moore,Adrian Hill,NOR00,Mercedes-Benz Superdome
2025_06_CLE_PIT,2025,REG,6,2025-10-12,Sunday,13:00,CLE,9.0,PIT,23.0,Home,14.0,32.0,0.0,2025101206,59928.0,,202510120pit,28503,401772748,6819,7,14,225,-278,5.5,100,-120,37.5,100,-120,1,outdoors,grass,64.0,8.0,00-0040704,00-0023459,Dillon Gabriel,Aaron Rodgers,Kevin Stefanski,Mike Tomlin,Ron Torbert,PIT00,Acrisure Stadium
2025_06_TEN_LV,2025,REG,6,2025-10-12,Sunday,16:05,TEN,10.0,LV,20.0,Home,10.0,30.0,0.0,2025101208,59930.0,,202510120rai,28505,401772859,6821,7,7,154,-185,3.5,-110,-110,41.5,-105,-115,0,dome,grass,,,00-0040676,00-0030565,Cam Ward,Geno Smith,Brian Callahan,Pete Carroll,Carl Cheffers,VEG00,Allegiant Stadium
2025_06_CIN_GB,2025,REG,6,2025-10-12,Sunday,16:25,CIN,18.0,GB,27.0,Home,9.0,45.0,0.0,2025101209,59931.0,,202510120gnb,28506,401772752,6822,7,14,650,-1000,14.0,-110,-110,44.5,-110,-110,0,outdoors,grass,64.0,14.0,00-0026158,00-0036264,Joe Flacco,Jordan Love,Zac Taylor,Matt LaFleur,Brad Allen,GNB00,Lambeau Field
2025_06_SF_TB,2025,REG,6,2025-10-12,Sunday,16:25,SF,19.0,TB,30.0,Home,11.0,49.0,0.0,2025101207,59929.0,,202510120tam,28504,401772749,6820,10,7,160,-192,3.5,-105,-115,46.5,-105,-115,0,outdoors,grass,82.0,10.0,00-0036972,00-0034855,Mac Jones,Baker Mayfield,Kyle Shanahan,Todd Bowles,Brad Rogers,TAM00,Raymond James Stadium
2025_06_DET_KC,2025,REG,6,2025-10-12,Sunday,20:20,DET,17.0,KC,30.0,Home,13.0,47.0,0.0,2025101211,59933.0,,202510120kan,28508,401772923,6824,7,6,120,-142,2.5,-105,-115,51.5,-105,-115,0,outdoors,grass,85.0,13.0,00-0033106,00-0033873,Jared Goff,Patrick Mahomes,Dan Campbell,Andy Reid,Craig Wrolstad,KAN00,GEHA Field at Arrowhead Stadium
2025_06_BUF_ATL,2025,REG,6,2025-10-13,Monday,19:15,BUF,14.0,ATL,24.0,Home,10.0,38.0,0.0,2025101300,59934.0,,202510130atl,28509,401772815,6825,8,15,-205,170,-3.5,-120,100,49.5,-102,-118,0,closed,fieldturf,,,00-0034857,00-0039917,Josh Allen,Michael Penix,Sean McDermott,Raheem Morris,Shawn Smith,ATL97,Mercedes-Benz Stadium
2025_06_CHI_WAS,2025,REG,6,2025-10-13,Monday,20:15,CHI,25.0,WAS,24.0,Home,-1.0,49.0,0.0,2025101301,59935.0,,202510130was,28510,401772717,6826,15,8,210,-258,5.5,-108,-112,49.5,-105,-115,0,outdoors,grass,59.0,12.0,00-0039918,00-0039910,Caleb Williams,Jayden Daniels,Ben Johnson,Dan Quinn,Alex Moore,WAS00,FedExField
2025_07_PIT_CIN,2025,REG,7,2025-10-16,Thursday,20:15,PIT,31.0,CIN,33.0,Home,2.0,64.0,0.0,2025101600,59936.0,,202510160cin,28511,401772941,6827,4,4,-245,200,-5.5,-105,-115,45.5,-115,-105,1,outdoors,fieldturf,60.0,5.0,00-0023459,00-0026158,Aaron Rodgers,Joe Flacco,Mike Tomlin,Zac Taylor,Clay Martin,CIN00,Paycor Stadium
2025_07_LA_JAX,2025,REG,7,2025-10-19,Sunday,09:30,LA,35.0,JAX,7.0,Neutral,-28.0,42.0,0.0,2025101900,59937.0,,202510190jax,28512,401772635,6828,7,7,-166,140,-3.0,-115,-105,44.5,-105,-115,0,outdoors,grass,59.0,9.0,00-0026498,00-0036971,Matthew Stafford,Trevor Lawrence,Sean McVay,Liam Coen,Adrian Hill,JAX00,TIAA Bank Stadium
2025_07_NO_CHI,2025,REG,7,2025-10-19,Sunday,13:00,NO,14.0,CHI,26.0,Home,12.0,40.0,0.0,2025101901,59938.0,,202510190chi,28513,401772861,6829,7,6,185,-225,4.5,-120,100,43.5,-110,-110,0,outdoors,grass,49.0,8.0,00-0039376,00-0039918,Spencer Rattler,Caleb Williams,Kellen Moore,Ben Johnson,Scott Novak,CHI98,Soldier Field
2025_07_MIA_CLE,2025,REG,7,2025-10-19,Sunday,13:00,MIA,6.0,CLE,31.0,Home,25.0,37.0,0.0,2025101902,59939.0,,202510190cle,28514,401772754,6830,7,7,124,-148,2.5,-102,-118,34.5,-112,-108,0,outdoors,grass,65.0,17.0,00-0036212,00-0040704,Tua Tagovailoa,Dillon Gabriel,Mike McDaniel,Kevin Stefanski,Shawn Hochuli,CLE00,FirstEnergy Stadium
2025_07_LV_KC,2025,REG,7,2025-10-19,Sunday,13:00,LV,0.0,KC,31.0,Home,31.0,31.0,0.0,2025101903,59940.0,,202510190kan,28515,401772753,6831,7,7,625,-950,13.5,-115,-105,44.5,-115,-105,1,outdoors,grass,57.0,9.0,00-0030565,00-0033873,Geno Smith,Patrick Mahomes,Pete Carroll,Andy Reid,Clete Blakeman,KAN00,GEHA Field at Arrowhead Stadium
2025_07_PHI_MIN,2025,REG,7,2025-10-19,Sunday,13:00,PHI,28.0,MIN,22.0,Home,-6.0,50.0,0.0,2025101904,59941.0,,202510190min,28516,401772862,6832,10,14,-148,124,-2.5,-110,-110,43.5,-105,-115,0,dome,sportturf,,,00-0036389,00-0032950,Jalen Hurts,Carson Wentz,Nick Sirianni,Kevin O'Connell,Bill Vinovich,MIN01,U.S. Bank Stadium
2025_07_CAR_NYJ,2025,REG,7,2025-10-19,Sunday,13:00,CAR,13.0,NYJ,6.0,Home,-7.0,19.0,0.0,2025101905,59942.0,,202510190nyj,28517,401772860,6833,7,7,-108,-112,1.5,-125,105,39.5,-102,-118,0,outdoors,fieldturf,71.0,13.0,00-0039150,00-0036945,Bryce Young,Justin Fields,Dave Canales,Aaron Glenn,Brad Rogers,NYC01,MetLife Stadium
2025_07_NE_TEN,2025,REG,7,2025-10-19,Sunday,13:00,NE,31.0,TEN,13.0,Home,-18.0,44.0,0.0,2025101906,59943.0,,202510190oti,28518,401772755,6834,7,7,-290,235,-6.5,-108,-112,40.5,-108,-112,0,outdoors,grass,60.0,18.0,00-0039851,00-0040676,Drake Maye,Cam Ward,Mike Vrabel,Brian Callahan,Craig Wrolstad,NAS00,Nissan Stadium
2025_07_NYG_DEN,2025,REG,7,2025-10-19,Sunday,16:05,NYG,32.0,DEN,33.0,Home,1.0,65.0,0.0,2025101907,59944.0,,202510190den,28519,401772757,6835,10,7,330,-425,7.5,-105,-115,39.5,-105,-115,0,outdoors,grass,72.0,3.0,00-0040691,00-0039732,Jaxson Dart,Bo Nix,Brian Daboll,Sean Payton,Brad Allen,DEN00,Empower Field at Mile High
2025_07_IND_LAC,2025,REG,7,2025-10-19,Sunday,16:05,IND,38.0,LAC,24.0,Home,-14.0,62.0,0.0,2025101908,59945.0,,202510190sdg,28520,401772756,6836,7,7,114,-135,2.5,-108,-112,48.5,-110,-110,0,dome,matrixturf,,,00-0035710,00-0036355,Daniel Jones,Justin Herbert,Shane Steichen,Jim Harbaugh,Alan Eck,LAX01,SoFi Stadium
2025_07_GB_ARI,2025,REG,7,2025-10-19,Sunday,16:25,GB,27.0,ARI,23.0,Home,-4.0,50.0,0.0,2025101909,59946.0,,202510190crd,28521,401772863,6837,7,7,-395,310,-7.0,-115,-105,44.5,-110,-110,0,closed,grass,,,00-0036264,00-0033119,Jordan Love,Jacoby Brissett,Matt LaFleur,Jonathan Gannon,Alex Moore,PHO00,State Farm Stadium
2025_07_WAS_DAL,2025,REG,7,2025-10-19,Sunday,16:25,WAS,22.0,DAL,44.0,Home,22.0,66.0,0.0,2025101910,59947.0,,202510190dal,28522,401772864,6838,6,7,105,-125,1.5,-108,-112,54.5,-108,-112,1,closed,matrixturf,,,00-0039910,00-0033077,Jayden Daniels,Dak Prescott,Dan Quinn,Brian Schottenheimer,Alex Kemp,DAL00,AT&T Stadium
2025_07_ATL_SF,2025,REG,7,2025-10-19,Sunday,20:20,ATL,10.0,SF,20.0,Home,10.0,30.0,0.0,2025101911,59948.0,,202510190sfo,28523,401772924,6839,6,7,-105,-115,1.5,-120,100,46.5,-112,-108,0,outdoors,grass,74.0,5.0,00-0039917,00-0036972,Michael Penix,Mac Jones,Raheem Morris,Kyle Shanahan,Ron Torbert,SFO01,Levi's Stadium
2025_07_TB_DET,2025,REG,7,2025-10-20,Monday,19:00,TB,9.0,DET,24.0,Home,15.0,33.0,0.0,2025102000,59949.0,,202510200det,28524,401772816,6841,8,8,225,-278,6.0,-112,-108,54.5,-115,-105,0,dome,fieldturf,,,00-0034855,00-0033106,Baker Mayfield,Jared Goff,Todd Bowles,Dan Campbell,John Hussey,DET00,Ford Field
2025_07_HOU_SEA,2025,REG,7,2025-10-20,Monday,22:00,HOU,19.0,SEA,27.0,Home,8.0,46.0,0.0,2025102001,59950.0,,202510200sea,28525,401772826,6840,15,8,140,-166,3.0,-110,-110,41.5,-110,-110,0,outdoors,fieldturf,56.0,5.0,00-0039163,00-0034869,C.J. Stroud,Sam Darnold,DeMeco Ryans,Mike Macdonald,Carl Cheffers,SEA00,Lumen Field
2025_08_MIN_LAC,2025,REG,8,2025-10-23,Thursday,20:15,MIN,10.0,LAC,37.0,Home,27.0,47.0,0.0,2025102300,59951.0,,202510230sdg,28526,401772942,6842,4,4,142,-170,3.0,100,-120,45.5,-110,-110,0,dome,matrixturf,,,00-0032950,00-0036355,Carson Wentz,Justin Herbert,Kevin O'Connell,Jim Harbaugh,Clete Blakeman,LAX01,SoFi Stadium
2025_08_MIA_ATL,2025,REG,8,2025-10-26,Sunday,13:00,MIA,34.0,ATL,10.0,Home,-24.0,44.0,0.0,2025102600,59952.0,,202510260atl,28527,401772760,6843,7,7,280,-355,7.0,-115,-105,44.5,-115,-105,0,closed,fieldturf,,,00-0036212,00-0029604,Tua Tagovailoa,Kirk Cousins,Mike McDaniel,Raheem Morris,John Hussey,ATL97,Mercedes-Benz Stadium
2025_08_CHI_BAL,2025,REG,8,2025-10-26,Sunday,13:00,CHI,16.0,BAL,30.0,Home,14.0,46.0,0.0,2025102601,59953.0,,202510260rav,28528,401772759,6844,7,14,124,-148,2.5,-102,-118,45.5,-112,-108,0,outdoors,grass,60.0,2.0,00-0039918,00-0035993,Caleb Williams,Tyler Huntley,Ben Johnson,John Harbaugh,Shawn Smith,BAL00,M&T Bank Stadium
2025_08_BUF_CAR,2025,REG,8,2025-10-26,Sunday,13:00,BUF,40.0,CAR,9.0,Home,-31.0,49.0,0.0,2025102602,59954.0,,202510260car,28529,401772865,6845,13,7,-395,310,-7.0,-115,-105,47.5,-108,-112,0,outdoors,grass,63.0,9.0,00-0034857,00-0039150,Josh Allen,Bryce Young,Sean McDermott,Dave Canales,Craig Wrolstad,CAR00,Bank of America Stadium
2025_08_NYJ_CIN,2025,REG,8,2025-10-26,Sunday,13:00,NYJ,39.0,CIN,38.0,Home,-1.0,77.0,0.0,2025102603,59955.0,,202510260cin,28530,401772758,6846,7,10,210,-258,5.5,-112,-108,43.5,-102,-118,0,outdoors,fieldturf,57.0,8.0,00-0036945,00-0026158,Justin Fields,Joe Flacco,Aaron Glenn,Zac Taylor,Scott Novak,CIN00,Paycor Stadium
2025_08_SF_HOU,2025,REG,8,2025-10-26,Sunday,13:00,SF,15.0,HOU,26.0,Home,11.0,41.0,0.0,2025102604,59956.0,,202510260htx,28531,401772866,6847,7,6,130,-155,2.5,100,-120,41.5,-112,-108,0,closed,astroturf,,,00-0036972,00-0039163,Mac Jones,C.J. Stroud,Kyle Shanahan,DeMeco Ryans,Alan Eck,HOU00,NRG Stadium
2025_08_CLE_NE,2025,REG,8,2025-10-26,Sunday,13:00,CLE,13.0,NE,32.0,Home,19.0,45.0,0.0,2025102605,59957.0,,202510260nwe,28532,401772868,6848,7,7,300,-380,7.0,-115,-105,40.5,-115,-105,0,outdoors,fieldturf,53.0,7.0,00-0040704,00-0039851,Dillon Gabriel,Drake Maye,Kevin Stefanski,Mike Vrabel,Alex Moore,BOS00,Gillette Stadium
2025_08_NYG_PHI,2025,REG,8,2025-10-26,Sunday,13:00,NYG,20.0,PHI,38.0,Home,18.0,58.0,0.0,2025102606,59958.0,,202510260phi,28533,401772867,6849,7,7,300,-380,7.0,-102,-118,43.5,-108,-112,1,outdoors,grass,60.0,4.0,00-0040691,00-0036389,Jaxson Dart,Jalen Hurts,Brian Daboll,Nick Sirianni,Brad Rogers,PHI00,Lincoln Financial Field
2025_08_TB_NO,2025,REG,8,2025-10-26,Sunday,16:05,TB,23.0,NO,3.0,Home,-20.0,26.0,0.0,2025102607,59959.0,,202510260nor,28534,401772869,6850,6,7,-218,180,-4.5,-105,-115,46.5,-110,-110,1,dome,sportturf,,,00-0034855,00-0039376,Baker Mayfield,Spencer Rattler,Todd Bowles,Kellen Moore,Ron Torbert,NOR00,Mercedes-Benz Superdome
2025_08_DAL_DEN,2025,REG,8,2025-10-26,Sunday,16:25,DAL,24.0,DEN,44.0,Home,20.0,68.0,0.0,2025102608,59960.0,,202510260den,28535,401772762,6851,7,7,160,-192,3.5,-110,-110,51.5,-110,-110,0,outdoors,grass,67.0,4.0,00-0033077,00-0039732,Dak Prescott,Bo Nix,Brian Schottenheimer,Sean Payton,Carl Cheffers,DEN00,Empower Field at Mile High
2025_08_TEN_IND,2025,REG,8,2025-10-26,Sunday,16:25,TEN,14.0,IND,38.0,Home,24.0,52.0,0.0,2025102609,59961.0,,202510260clt,28536,401772761,6852,7,7,950,-1650,15.5,-115,-105,47.5,-102,-118,1,closed,fieldturf,,,00-0040676,00-0035710,Cam Ward,Daniel Jones,Brian Callahan,Shane Steichen,Land Clark,IND00,Lucas Oil Stadium
2025_08_GB_PIT,2025,REG,8,2025-10-26,Sunday,20:20,GB,35.0,PIT,25.0,Home,-10.0,60.0,0.0,2025102610,59962.0,,202510260pit,28537,401772925,6853,7,10,-155,130,-3.0,100,-120,46.5,-115,-105,0,outdoors,grass,46.0,5.0,00-0036264,00-0023459,Jordan Love,Aaron Rodgers,Matt LaFleur,Mike Tomlin,Shawn Hochuli,PIT00,Acrisure Stadium
2025_08_WAS_KC,2025,REG,8,2025-10-27,Monday,20:15,WAS,7.0,KC,28.0,Home,21.0,35.0,0.0,2025102700,59963.0,,202510270kan,28538,401772817,6854,8,8,500,-700,10.5,-105,-115,48.5,-115,-105,0,outdoors,grass,54.0,8.0,00-0039910,00-0033873,Jayden Daniels,Patrick Mahomes,Dan Quinn,Andy Reid,Brad Allen,KAN00,GEHA Field at Arrowhead Stadium
2025_09_BAL_MIA,2025,REG,9,2025-10-30,Thursday,20:15,BAL,28.0,MIA,6.0,Home,-22.0,34.0,0.0,2025103000,59964.0,,202510300mia,28539,401772943,6855,4,4,-455,350,-7.5,-120,100,51.5,-110,-110,0,outdoors,grass,73.0,5.0,00-0034796,00-0036212,Lamar Jackson,Tua Tagovailoa,John Harbaugh,Mike McDaniel,Scott Novak,MIA00,Hard Rock Stadium
2025_09_CHI_CIN,2025,REG,9,2025-11-02,Sunday,13:00,CHI,,CIN,,Home,,,,2025110200,59965.0,,202511020cin,28540,401772765,6856,7,7,-142,120,-2.5,-118,-102,51.5,-110,-110,0,outdoors,fieldturf,,,00-0039918,00-0026158,Caleb Williams,Joe Flacco,Ben Johnson,Zac Taylor,,CIN00,Paycor Stadium
2025_09_MIN_DET,2025,REG,9,2025-11-02,Sunday,13:00,MIN,,DET,,Home,,,,2025110201,59966.0,,202511020det,28541,401772871,6857,10,13,380,-500,8.5,-105,-115,48.5,-112,-108,1,dome,fieldturf,,,00-0039923,00-0033106,J.J. McCarthy,Jared Goff,Kevin O'Connell,Dan Campbell,,DET00,Ford Field
2025_09_CAR_GB,2025,REG,9,2025-11-02,Sunday,13:00,CAR,,GB,,Home,,,,2025110202,59967.0,,202511020gnb,28542,401772872,6858,7,7,650,-1000,12.5,-102,-118,44.5,-115,-105,0,outdoors,grass,,,00-0039150,00-0036264,Bryce Young,Jordan Love,Dave Canales,Matt LaFleur,,GNB00,Lambeau Field
2025_09_DEN_HOU,2025,REG,9,2025-11-02,Sunday,13:00,DEN,,HOU,,Home,,,,2025110203,59968.0,,202511020htx,28543,401772870,6859,7,7,102,-122,1.5,-110,-110,39.5,-105,-115,0,closed,astroturf,,,00-0039732,00-0039163,Bo Nix,C.J. Stroud,Sean Payton,DeMeco Ryans,,HOU00,NRG Stadium
2025_09_ATL_NE,2025,REG,9,2025-11-02,Sunday,13:00,ATL,,NE,,Home,,,,2025110204,59969.0,,202511020nwe,28544,401772763,6860,7,7,195,-238,4.5,-110,-110,45.5,-112,-108,0,outdoors,fieldturf,,,00-0039917,00-0039851,Michael Penix,Drake Maye,Raheem Morris,Mike Vrabel,,BOS00,Gillette Stadium
2025_09_SF_NYG,2025,REG,9,2025-11-02,Sunday,13:00,SF,,NYG,,Home,,,,2025110205,59970.0,,202511020nyg,28545,401772767,6861,7,7,-142,120,-2.5,-115,-105,48.5,-120,100,0,outdoors,fieldturf,,,00-0036972,00-0040691,Mac Jones,Jaxson Dart,Kyle Shanahan,Brian Daboll,,NYC01,MetLife Stadium
2025_09_IND_PIT,2025,REG,9,2025-11-02,Sunday,13:00,IND,,PIT,,Home,,,,2025110206,59971.0,,202511020pit,28546,401772766,6862,7,7,-192,160,-3.5,-108,-112,50.5,100,-120,0,outdoors,grass,,,00-0035710,00-0023459,Daniel Jones,Aaron Rodgers,Shane Steichen,Mike Tomlin,,PIT00,Acrisure Stadium
2025_09_LAC_TEN,2025,REG,9,2025-11-02,Sunday,13:00,LAC,,TEN,,Home,,,,2025110207,59972.0,,202511020oti,28547,401772764,6863,10,7,-535,400,-9.5,-112,-108,43.5,-102,-118,0,outdoors,grass,,,00-0036355,00-0040676,Justin Herbert,Cam Ward,Jim Harbaugh,Brian Callahan,,NAS00,Nissan Stadium
2025_09_NO_LA,2025,REG,9,2025-11-02,Sunday,16:05,NO,,LA,,Home,,,,2025110208,59973.0,,202511020ram,28548,401772874,6864,7,14,750,-1200,14.0,-105,-115,43.5,-112,-108,0,dome,matrixturf,,,00-0040743,00-0026498,Tyler Shough,Matthew Stafford,Kellen Moore,Sean McVay,,LAX01,SoFi Stadium
2025_09_JAX_LV,2025,REG,9,2025-11-02,Sunday,16:05,JAX,,LV,,Home,,,,2025110209,59974.0,,202511020rai,28549,401772873,6865,14,14,-155,130,-3.0,100,-120,43.5,-105,-115,0,dome,grass,,,00-0036971,00-0030565,Trevor Lawrence,Geno Smith,Liam Coen,Pete Carroll,,VEG00,Allegiant Stadium
2025_09_KC_BUF,2025,REG,9,2025-11-02,Sunday,16:25,KC,,BUF,,Home,,,,2025110210,59975.0,,202511020buf,28550,401772768,6866,6,7,-130,110,-1.5,-115,-105,52.5,-108,-112,0,outdoors,a_turf,,,00-0033873,00-0034857,Patrick Mahomes,Josh Allen,Andy Reid,Sean McDermott,,BUF00,New Era Field
2025_09_SEA_WAS,2025,REG,9,2025-11-02,Sunday,20:20,SEA,,WAS,,Home,,,,2025110211,59976.0,,202511020was,28551,401772926,6867,13,6,-155,130,-3.0,-105,-115,48.5,-115,-105,0,outdoors,grass,,,00-0034869,00-0039910,Sam Darnold,Jayden Daniels,Mike Macdonald,Dan Quinn,,WAS00,FedExField
2025_09_ARI_DAL,2025,REG,9,2025-11-03,Monday,20:15,ARI,,DAL,,Home,,,,2025110300,59977.0,,202511030dal,28552,401772818,6868,15,8,142,-170,3.0,-102,-118,54.5,-110,-110,0,closed,matrixturf,,,00-0033119,00-0033077,Jacoby Brissett,Dak Prescott,Jonathan Gannon,Brian Schottenheimer,,DAL00,AT&T Stadium
2025_10_LV_DEN,2025,REG,10,2025-11-06,Thursday,20:15,LV,,DEN,,Home,,,,2025110600,,,202511060den,28553,401772944,6869,4,4,410,-550,10.5,-110,-110,42.5,-110,-110,1,outdoors,grass,,,00-0030565,00-0039732,Geno Smith,Bo Nix,Pete Carroll,Sean Payton,,DEN00,Empower Field at Mile High
2025_10_ATL_IND,2025,REG,10,2025-11-09,Sunday,09:30,ATL,,IND,,Neutral,,,,2025110900,,,202511090clt,28554,401772636,6870,7,7,270,-340,6.5,100,-120,48.5,-110,-110,0,closed,fieldturf,,,00-0039917,00-0035710,Michael Penix,Daniel Jones,Raheem Morris,Shane Steichen,,IND00,Lucas Oil Stadium
2025_10_NO_CAR,2025,REG,10,2025-11-09,Sunday,13:00,NO,,CAR,,Home,,,,2025110901,,,202511090car,28555,401772877,6871,7,7,154,-185,3.5,-110,-110,41.5,-110,-110,1,outdoors,grass,,,00-0040743,00-0039150,Tyler Shough,Bryce Young,Kellen Moore,Dave Canales,,CAR00,Bank of America Stadium
2025_10_NYG_CHI,2025,REG,10,2025-11-09,Sunday,13:00,NYG,,CHI,,Home,,,,2025110902,,,202511090chi,28556,401772875,6872,7,7,140,-166,3.0,-105,-115,47.5,-110,-110,0,outdoors,grass,,,00-0040691,00-0039918,Jaxson Dart,Caleb Williams,Brian Daboll,Ben Johnson,,CHI98,Soldier Field
2025_10_JAX_HOU,2025,REG,10,2025-11-09,Sunday,13:00,JAX,,HOU,,Home,,,,2025110903,,,202511090htx,28557,401772770,6873,7,7,140,-166,3.0,-105,-115,41.5,-110,-110,1,closed,astroturf,,,00-0036971,00-0039163,Trevor Lawrence,C.J. Stroud,Liam Coen,DeMeco Ryans,,HOU00,NRG Stadium
2025_10_BUF_MIA,2025,REG,10,2025-11-09,Sunday,13:00,BUF,,MIA,,Home,,,,2025110904,,,202511090mia,28558,401772771,6874,7,10,-410,320,-8.5,-110,-110,50.5,-110,-110,1,outdoors,grass,,,00-0034857,00-0036212,Josh Allen,Tua Tagovailoa,Sean McDermott,Mike McDaniel,,MIA00,Hard Rock Stadium
2025_10_BAL_MIN,2025,REG,10,2025-11-09,Sunday,13:00,BAL,,MIN,,Home,,,,2025110905,,,202511090min,28559,401772876,6875,10,7,-225,185,-4.5,-105,-115,47.5,-110,-110,0,dome,sportturf,,,00-0034796,00-0039923,Lamar Jackson,J.J. McCarthy,John Harbaugh,Kevin O'Connell,,MIN01,U.S. Bank Stadium
2025_10_CLE_NYJ,2025,REG,10,2025-11-09,Sunday,13:00,CLE,,NYJ,,Home,,,,2025110906,,,202511090nyj,28560,401772769,6876,14,14,105,-125,1.5,-110,-110,38.5,-110,-110,0,outdoors,fieldturf,,,00-0040704,00-0028118,Dillon Gabriel,Tyrod Taylor,Kevin Stefanski,Aaron Glenn,,NYC01,MetLife Stadium
2025_10_NE_TB,2025,REG,10,2025-11-09,Sunday,13:00,NE,,TB,,Home,,,,2025110907,,,202511090tam,28561,401772772,6877,7,14,124,-148,2.5,-105,-115,48.5,-110,-110,0,outdoors,grass,,,00-0039851,00-0034855,Drake Maye,Baker Mayfield,Mike Vrabel,Todd Bowles,,TAM00,Raymond James Stadium
2025_10_ARI_SEA,2025,REG,10,2025-11-09,Sunday,16:05,ARI,,SEA,,Home,,,,2025110908,,,202511090sea,28562,401772773,6878,6,7,225,-278,6.5,-110,-110,45.5,-110,-110,1,outdoors,fieldturf,,,00-0033119,00-0034869,Jacoby Brissett,Sam Darnold,Jonathan Gannon,Mike Macdonald,,SEA00,Lumen Field
2025_10_LA_SF,2025,REG,10,2025-11-09,Sunday,16:25,LA,,SF,,Home,,,,2025110909,,,202511090sfo,28563,401772879,6879,7,7,-162,136,-3.0,-110,-110,48.5,-110,-110,1,outdoors,grass,,,00-0026498,00-0037834,Matthew Stafford,Brock Purdy,Sean McVay,Kyle Shanahan,,SFO01,Levi's Stadium
2025_10_DET_WAS,2025,REG,10,2025-11-09,Sunday,16:25,DET,,WAS,,Home,,,,2025110910,,,202511090was,28564,401772878,6880,7,7,-170,142,-3.0,-115,-105,51.5,-110,-110,0,outdoors,grass,,,00-0033106,00-0039910,Jared Goff,Jayden Daniels,Dan Campbell,Dan Quinn,,WAS00,FedExField
2025_10_PIT_LAC,2025,REG,10,2025-11-09,Sunday,20:20,PIT,,LAC,,Home,,,,2025110911,,,202511090sdg,28565,401772927,6881,7,7,170,-205,4.5,-110,-110,46.5,-110,-110,0,dome,matrixturf,,,00-0023459,00-0036355,Aaron Rodgers,Justin Herbert,Mike Tomlin,Jim Harbaugh,,LAX01,SoFi Stadium
2025_10_PHI_GB,2025,REG,10,2025-11-10,Monday,20:15,PHI,,GB,,Home,,,,2025111000,,,202511100gnb,28566,401772630,6882,15,8,142,-170,3.0,-105,-115,45.5,-110,-110,0,outdoors,grass,,,00-0036389,00-0036264,Jalen Hurts,Jordan Love,Nick Sirianni,Matt LaFleur,,GNB00,Lambeau Field
2025_11_NYJ_NE,2025,REG,11,2025-11-13,Thursday,20:15,NYJ,,NE,,Home,,,,2025111300,,,202511130nwe,28567,401772945,6883,4,4,,,,,,,,,1,outdoors,fieldturf,,,,,,,Aaron Glenn,Mike Vrabel,,BOS00,Gillette Stadium
2025_11_WAS_MIA,2025,REG,11,2025-11-16,Sunday,09:30,WAS,,MIA,,Neutral,,,,2025111600,,,202511160mia,28568,401772631,6884,7,7,,,,,,,,,0,outdoors,grass,,,,,,,Dan Quinn,Mike McDaniel,,MIA00,Hard Rock Stadium
2025_11_CAR_ATL,2025,REG,11,2025-11-16,Sunday,13:00,CAR,,ATL,,Home,,,,2025111601,,,202511160atl,28569,401772882,6885,7,7,,,,,,,,,1,closed,fieldturf,,,,,,,Dave Canales,Raheem Morris,,ATL97,Mercedes-Benz Stadium
2025_11_TB_BUF,2025,REG,11,2025-11-16,Sunday,13:00,TB,,BUF,,Home,,,,2025111602,,,202511160buf,28570,401772776,6886,7,7,,,,,,,,,0,outdoors,a_turf,,,,,,,Todd Bowles,Sean McDermott,,BUF00,New Era Field
2025_11_LAC_JAX,2025,REG,11,2025-11-16,Sunday,13:00,LAC,,JAX,,Home,,,,2025111603,,,202511160jax,28571,401772775,6887,7,7,,,,,,,,,0,outdoors,grass,,,,,,,Jim Harbaugh,Liam Coen,,JAX00,TIAA Bank Stadium
2025_11_CHI_MIN,2025,REG,11,2025-11-16,Sunday,13:00,CHI,,MIN,,Home,,,,2025111604,,,202511160min,28573,401772880,6888,7,7,,,,,,,,,1,dome,sportturf,,,,,,,Ben Johnson,Kevin O'Connell,,MIN01,U.S. Bank Stadium
2025_11_GB_NYG,2025,REG,11,2025-11-16,Sunday,13:00,GB,,NYG,,Home,,,,2025111605,,,202511160nyg,28574,401772883,6889,6,7,,,,,,,,,0,outdoors,fieldturf,,,,,,,Matt LaFleur,Brian Daboll,,NYC01,MetLife Stadium
2025_11_CIN_PIT,2025,REG,11,2025-11-16,Sunday,13:00,CIN,,PIT,,Home,,,,2025111606,,,202511160pit,28575,401772774,6890,14,7,,,,,,,,,1,outdoors,grass,,,,,,,Zac Taylor,Mike Tomlin,,PIT00,Acrisure Stadium
2025_11_HOU_TEN,2025,REG,11,2025-11-16,Sunday,13:00,HOU,,TEN,,Home,,,,2025111607,,,202511160oti,28576,401772881,6891,7,14,,,,,,,,,1,outdoors,grass,,,,,,,DeMeco Ryans,Brian Callahan,,NAS00,Nissan Stadium
2025_11_SF_ARI,2025,REG,11,2025-11-16,Sunday,16:05,SF,,ARI,,Home,,,,2025111608,,,202511160crd,28577,401772885,6892,7,7,,,,,,,,,1,closed,grass,,,,,,,Kyle Shanahan,Jonathan Gannon,,PHO00,State Farm Stadium
2025_11_SEA_LA,2025,REG,11,2025-11-16,Sunday,16:05,SEA,,LA,,Home,,,,2025111609,,,202511160ram,28578,401772884,6893,7,7,,,,,,,,,1,dome,matrixturf,,,,,,,Mike Macdonald,Sean McVay,,LAX01,SoFi Stadium
2025_11_BAL_CLE,2025,REG,11,2025-11-16,Sunday,16:25,BAL,,CLE,,Home,,,,2025111610,,,202511160cle,28579,401772777,6894,7,7,,,,,,,,,1,outdoors,grass,,,,,,,John Harbaugh,Kevin Stefanski,,CLE00,FirstEnergy Stadium
2025_11_KC_DEN,2025,REG,11,2025-11-16,Sunday,16:25,KC,,DEN,,Home,,,,2025111611,,,202511160den,28580,401772778,6895,14,10,,,,,,,,,1,outdoors,grass,,,,,,,Andy Reid,Sean Payton,,DEN00,Empower Field at Mile High
2025_11_DET_PHI,2025,REG,11,2025-11-16,Sunday,20:20,DET,,PHI,,Home,,,,2025111612,,,202511160phi,28581,401772928,6896,7,6,,,,,,,,,0,outdoors,grass,,,,,,,Dan Campbell,Nick Sirianni,,PHI00,Lincoln Financial Field
2025_11_DAL_LV,2025,REG,11,2025-11-17,Monday,20:15,DAL,,LV,,Home,,,,2025111700,,,202511170rai,28572,401772819,6897,14,11,,,,,,,,,0,dome,grass,,,,,,,Brian Schottenheimer,Pete Carroll,,VEG00,Allegiant Stadium
2025_12_BUF_HOU,2025,REG,12,2025-11-20,Thursday,20:15,BUF,,HOU,,Home,,,,2025112000,,,202511200htx,28582,401772946,6898,4,4,,,,,,,,,0,closed,astroturf,,,,,,,Sean McDermott,DeMeco Ryans,,HOU00,NRG Stadium
2025_12_NYJ_BAL,2025,REG,12,2025-11-23,Sunday,13:00,NYJ,,BAL,,Home,,,,2025112300,,,202511230rav,28583,401772782,6899,10,7,,,,,,,,,0,outdoors,grass,,,,,,,Aaron Glenn,John Harbaugh,,BAL00,M&T Bank Stadium
2025_12_PIT_CHI,2025,REG,12,2025-11-23,Sunday,13:00,PIT,,CHI,,Home,,,,2025112301,,,202511230chi,28584,401772780,6900,7,7,,,,,,,,,0,outdoors,grass,,,,,,,Mike Tomlin,Ben Johnson,,CHI98,Soldier Field
2025_12_NE_CIN,2025,REG,12,2025-11-23,Sunday,13:00,NE,,CIN,,Home,,,,2025112302,,,202511230cin,28585,401772781,6901,10,7,,,,,,,,,0,outdoors,fieldturf,,,,,,,Mike Vrabel,Zac Taylor,,CIN00,Paycor Stadium
2025_12_NYG_DET,2025,REG,12,2025-11-23,Sunday,13:00,NYG,,DET,,Home,,,,2025112303,,,202511230det,28586,401772888,6902,7,7,,,,,,,,,0,dome,fieldturf,,,,,,,Brian Daboll,Dan Campbell,,DET00,Ford Field
2025_12_MIN_GB,2025,REG,12,2025-11-23,Sunday,13:00,MIN,,GB,,Home,,,,2025112304,,,202511230gnb,28587,401772887,6903,7,7,,,,,,,,,1,outdoors,grass,,,,,,,Kevin O'Connell,Matt LaFleur,,GNB00,Lambeau Field
2025_12_IND_KC,2025,REG,12,2025-11-23,Sunday,13:00,IND,,KC,,Home,,,,2025112305,,,202511230kan,28588,401772779,6904,14,7,,,,,,,,,0,outdoors,grass,,,,,,,Shane Steichen,Andy Reid,,KAN00,GEHA Field at Arrowhead Stadium
2025_12_SEA_TEN,2025,REG,12,2025-11-23,Sunday,13:00,SEA,,TEN,,Home,,,,2025112306,,,202511230oti,28589,401772886,6905,7,7,,,,,,,,,0,outdoors,grass,,,,,,,Mike Macdonald,Brian Callahan,,NAS00,Nissan Stadium
2025_12_JAX_ARI,2025,REG,12,2025-11-23,Sunday,16:05,JAX,,ARI,,Home,,,,2025112307,,,202511230crd,28590,401772783,6906,7,7,,,,,,,,,0,closed,grass,,,,,,,Liam Coen,Jonathan Gannon,,PHO00,State Farm Stadium
2025_12_CLE_LV,2025,REG,12,2025-11-23,Sunday,16:05,CLE,,LV,,Home,,,,2025112308,,,202511230rai,28591,401772784,6907,7,6,,,,,,,,,0,dome,grass,,,,,,,Kevin Stefanski,Pete Carroll,,VEG00,Allegiant Stadium
2025_12_PHI_DAL,2025,REG,12,2025-11-23,Sunday,16:25,PHI,,DAL,,Home,,,,2025112309,,,202511230dal,28592,401772890,6908,7,6,,,,,,,,,1,closed,matrixturf,,,,,,,Nick Sirianni,Brian Schottenheimer,,DAL00,AT&T Stadium
2025_12_ATL_NO,2025,REG,12,2025-11-23,Sunday,16:25,ATL,,NO,,Home,,,,2025112310,,,202511230nor,28593,401772889,6909,7,14,,,,,,,,,1,dome,sportturf,,,,,,,Raheem Morris,Kellen Moore,,NOR00,Mercedes-Benz Superdome
2025_12_TB_LA,2025,REG,12,2025-11-23,Sunday,20:20,TB,,LA,,Home,,,,2025112311,,,202511230ram,28594,401772929,6910,7,7,,,,,,,,,0,dome,matrixturf,,,,,,,Todd Bowles,Sean McVay,,LAX01,SoFi Stadium
2025_12_CAR_SF,2025,REG,12,2025-11-24,Monday,20:15,CAR,,SF,,Home,,,,2025112400,,,202511240sfo,28595,401772820,6911,8,8,,,,,,,,,0,outdoors,grass,,,,,,,Dave Canales,Kyle Shanahan,,SFO01,Levi's Stadium
2025_13_GB_DET,2025,REG,13,2025-11-27,Thursday,13:00,GB,,DET,,Home,,,,2025112700,,,202511270det,28596,401772891,6912,4,4,,,,,,,,,1,dome,fieldturf,,,,,,,Matt LaFleur,Dan Campbell,,DET00,Ford Field
2025_13_KC_DAL,2025,REG,13,2025-11-27,Thursday,16:30,KC,,DAL,,Home,,,,2025112701,,,202511270dal,28597,401772694,6913,4,4,,,,,,,,,0,closed,matrixturf,,,,,,,Andy Reid,Brian Schottenheimer,,DAL00,AT&T Stadium
2025_13_CIN_BAL,2025,REG,13,2025-11-27,Thursday,20:20,CIN,,BAL,,Home,,,,2025112702,,,202511270rav,28598,401772930,6914,4,4,,,,,,,,,1,outdoors,grass,,,,,,,Zac Taylor,John Harbaugh,,BAL00,M&T Bank Stadium
2025_13_CHI_PHI,2025,REG,13,2025-11-28,Friday,15:00,CHI,,PHI,,Home,,,,2025112800,,,202511280phi,28599,401772621,6915,5,5,,,,,,,,,0,outdoors,grass,,,,,,,Ben Johnson,Nick Sirianni,,PHI00,Lincoln Financial Field
2025_13_LA_CAR,2025,REG,13,2025-11-30,Sunday,13:00,LA,,CAR,,Home,,,,2025113000,,,202511300car,28600,401772894,6916,7,6,,,,,,,,,0,outdoors,grass,,,,,,,Sean McVay,Dave Canales,,CAR00,Bank of America Stadium
2025_13_SF_CLE,2025,REG,13,2025-11-30,Sunday,13:00,SF,,CLE,,Home,,,,2025113001,,,202511300cle,28601,401772785,6917,6,7,,,,,,,,,0,outdoors,grass,,,,,,,Kyle Shanahan,Kevin Stefanski,,CLE00,FirstEnergy Stadium
2025_13_HOU_IND,2025,REG,13,2025-11-30,Sunday,13:00,HOU,,IND,,Home,,,,2025113002,,,202511300clt,28602,401772787,6918,10,7,,,,,,,,,1,closed,fieldturf,,,,,,,DeMeco Ryans,Shane Steichen,,IND00,Lucas Oil Stadium
2025_13_NO_MIA,2025,REG,13,2025-11-30,Sunday,13:00,NO,,MIA,,Home,,,,2025113003,,,202511300mia,28603,401772892,6919,7,14,,,,,,,,,0,outdoors,grass,,,,,,,Kellen Moore,Mike McDaniel,,MIA00,Hard Rock Stadium
2025_13_ATL_NYJ,2025,REG,13,2025-11-30,Sunday,13:00,ATL,,NYJ,,Home,,,,2025113004,,,202511300nyj,28604,401772893,6920,7,7,,,,,,,,,0,outdoors,fieldturf,,,,,,,Raheem Morris,Aaron Glenn,,NYC01,MetLife Stadium
2025_13_ARI_TB,2025,REG,13,2025-11-30,Sunday,13:00,ARI,,TB,,Home,,,,2025113005,,,202511300tam,28605,401772895,6921,7,7,,,,,,,,,0,outdoors,grass,,,,,,,Jonathan Gannon,Todd Bowles,,TAM00,Raymond James Stadium
2025_13_JAX_TEN,2025,REG,13,2025-11-30,Sunday,13:00,JAX,,TEN,,Home,,,,2025113006,,,202511300oti,28606,401772786,6922,7,7,,,,,,,,,1,outdoors,grass,,,,,,,Liam Coen,Brian Callahan,,NAS00,Nissan Stadium
2025_13_MIN_SEA,2025,REG,13,2025-11-30,Sunday,16:05,MIN,,SEA,,Home,,,,2025113007,,,202511300sea,28608,401772896,6923,7,7,,,,,,,,,0,outdoors,fieldturf,,,,,,,Kevin O'Connell,Mike Macdonald,,SEA00,Lumen Field
2025_13_LV_LAC,2025,REG,13,2025-11-30,Sunday,16:25,LV,,LAC,,Home,,,,2025113008,,,202511300sdg,28607,401772788,6924,7,14,,,,,,,,,1,dome,matrixturf,,,,,,,Pete Carroll,Jim Harbaugh,,LAX01,SoFi Stadium
2025_13_BUF_PIT,2025,REG,13,2025-11-30,Sunday,16:25,BUF,,PIT,,Home,,,,2025113009,,,202511300pit,28609,401772789,6925,10,7,,,,,,,,,0,outdoors,grass,,,,,,,Sean McDermott,Mike Tomlin,,PIT00,Acrisure Stadium
2025_13_DEN_WAS,2025,REG,13,2025-11-30,Sunday,20:20,DEN,,WAS,,Home,,,,2025113010,,,202511300was,28610,401772931,6926,14,14,,,,,,,,,0,outdoors,grass,,,,,,,Sean Payton,Dan Quinn,,WAS00,FedExField
2025_13_NYG_NE,2025,REG,13,2025-12-01,Monday,20:15,NYG,,NE,,Home,,,,2025120100,,,202512010nwe,28611,401772821,6927,8,8,,,,,,,,,0,outdoors,fieldturf,,,,,,,Brian Daboll,Mike Vrabel,,BOS00,Gillette Stadium
2025_14_DAL_DET,2025,REG,14,2025-12-04,Thursday,20:15,DAL,,DET,,Home,,,,2025120400,,,202512040det,28612,401772947,6928,7,7,,,,,,,,,0,dome,fieldturf,,,,,,,Brian Schottenheimer,Dan Campbell,,DET00,Ford Field
2025_14_SEA_ATL,2025,REG,14,2025-12-07,Sunday,13:00,SEA,,ATL,,Home,,,,2025120700,,,202512070atl,28613,401772900,6929,7,7,,,,,,,,,0,closed,fieldturf,,,,,,,Mike Macdonald,Raheem Morris,,ATL97,Mercedes-Benz Stadium
2025_14_PIT_BAL,2025,REG,14,2025-12-07,Sunday,13:00,PIT,,BAL,,Home,,,,2025120701,,,202512070rav,28614,401772791,6930,7,10,,,,,,,,,1,outdoors,grass,,,,,,,Mike Tomlin,John Harbaugh,,BAL00,M&T Bank Stadium
2025_14_TEN_CLE,2025,REG,14,2025-12-07,Sunday,13:00,TEN,,CLE,,Home,,,,2025120702,,,202512070cle,28615,401772898,6931,7,7,,,,,,,,,0,outdoors,grass,,,,,,,Brian Callahan,Kevin Stefanski,,CLE00,FirstEnergy Stadium
2025_14_CHI_GB,2025,REG,14,2025-12-07,Sunday,13:00,CHI,,GB,,Home,,,,2025120703,,,202512070gnb,28616,401772897,6932,9,10,,,,,,,,,1,outdoors,grass,,,,,,,Ben Johnson,Matt LaFleur,,GNB00,Lambeau Field
2025_14_IND_JAX,2025,REG,14,2025-12-07,Sunday,13:00,IND,,JAX,,Home,,,,2025120704,,,202512070jax,28617,401772793,6933,7,7,,,,,,,,,1,outdoors,grass,,,,,,,Shane Steichen,Liam Coen,,JAX00,TIAA Bank Stadium
2025_14_WAS_MIN,2025,REG,14,2025-12-07,Sunday,13:00,WAS,,MIN,,Home,,,,2025120705,,,202512070min,28618,401772899,6934,7,7,,,,,,,,,0,dome,sportturf,,,,,,,Dan Quinn,Kevin O'Connell,,MIN01,U.S. Bank Stadium
2025_14_MIA_NYJ,2025,REG,14,2025-12-07,Sunday,13:00,MIA,,NYJ,,Home,,,,2025120706,,,202512070nyj,28619,401772790,6935,7,7,,,,,,,,,1,outdoors,fieldturf,,,,,,,Mike McDaniel,Aaron Glenn,,NYC01,MetLife Stadium
2025_14_NO_TB,2025,REG,14,2025-12-07,Sunday,13:00,NO,,TB,,Home,,,,2025120707,,,202512070tam,28620,401772792,6936,7,7,,,,,,,,,1,outdoors,grass,,,,,,,Kellen Moore,Todd Bowles,,TAM00,Raymond James Stadium
2025_14_DEN_LV,2025,REG,14,2025-12-07,Sunday,16:05,DEN,,LV,,Home,,,,2025120708,,,202512070rai,28621,401772794,6937,7,7,,,,,,,,,1,dome,grass,,,,,,,Sean Payton,Pete Carroll,,VEG00,Allegiant Stadium
2025_14_LA_ARI,2025,REG,14,2025-12-07,Sunday,16:25,LA,,ARI,,Home,,,,2025120709,,,202512070crd,28622,401772901,6938,7,7,,,,,,,,,1,closed,grass,,,,,,,Sean McVay,Jonathan Gannon,,PHO00,State Farm Stadium
2025_14_CIN_BUF,2025,REG,14,2025-12-07,Sunday,16:25,CIN,,BUF,,Home,,,,2025120710,,,202512070buf,28623,401772902,6939,10,7,,,,,,,,,0,outdoors,a_turf,,,,,,,Zac Taylor,Sean McDermott,,BUF00,New Era Field
2025_14_HOU_KC,2025,REG,14,2025-12-07,Sunday,20:20,HOU,,KC,,Home,,,,2025120711,,,202512070kan,28624,401772932,6940,7,10,,,,,,,,,0,outdoors,grass,,,,,,,DeMeco Ryans,Andy Reid,,KAN00,GEHA Field at Arrowhead Stadium
2025_14_PHI_LAC,2025,REG,14,2025-12-08,Monday,20:15,PHI,,LAC,,Home,,,,2025120800,,,202512080sdg,28625,401772822,6941,10,8,,,,,,,,,0,dome,matrixturf,,,,,,,Nick Sirianni,Jim Harbaugh,,LAX01,SoFi Stadium
2025_15_ATL_TB,2025,REG,15,2025-12-11,Thursday,20:15,ATL,,TB,,Home,,,,2025121100,,,202512110tam,28626,401772948,6942,4,4,,,,,,,,,1,outdoors,grass,,,,,,,Raheem Morris,Todd Bowles,,TAM00,Raymond James Stadium
2025_15_CLE_CHI,2025,REG,15,2025-12-14,Sunday,13:00,CLE,,CHI,,Home,,,,2025121400,,,202512140chi,28627,401772904,6943,7,7,,,,,,,,,0,outdoors,grass,,,,,,,Kevin Stefanski,Ben Johnson,,CHI98,Soldier Field
2025_15_BAL_CIN,2025,REG,15,2025-12-14,Sunday,13:00,BAL,,CIN,,Home,,,,2025121401,,,202512140cin,28628,401772796,6944,7,7,,,,,,,,,1,outdoors,fieldturf,,,,,,,John Harbaugh,Zac Taylor,,CIN00,Paycor Stadium
2025_15_ARI_HOU,2025,REG,15,2025-12-14,Sunday,13:00,ARI,,HOU,,Home,,,,2025121402,,,202512140htx,28629,401772903,6945,7,7,,,,,,,,,0,closed,astroturf,,,,,,,Jonathan Gannon,DeMeco Ryans,,HOU00,NRG Stadium
2025_15_NYJ_JAX,2025,REG,15,2025-12-14,Sunday,13:00,NYJ,,JAX,,Home,,,,2025121403,,,202512140jax,28630,401772797,6946,7,7,,,,,,,,,0,outdoors,grass,,,,,,,Aaron Glenn,Liam Coen,,JAX00,TIAA Bank Stadium
2025_15_LAC_KC,2025,REG,15,2025-12-14,Sunday,13:00,LAC,,KC,,Home,,,,2025121404,,,202512140kan,28631,401772798,6947,6,7,,,,,,,,,1,outdoors,grass,,,,,,,Jim Harbaugh,Andy Reid,,KAN00,GEHA Field at Arrowhead Stadium
2025_15_BUF_NE,2025,REG,15,2025-12-14,Sunday,13:00,BUF,,NE,,Home,,,,2025121405,,,202512140nwe,28632,401772795,6948,7,13,,,,,,,,,1,outdoors,fieldturf,,,,,,,Sean McDermott,Mike Vrabel,,BOS00,Gillette Stadium
2025_15_WAS_NYG,2025,REG,15,2025-12-14,Sunday,13:00,WAS,,NYG,,Home,,,,2025121406,,,202512140nyg,28633,401772905,6949,7,13,,,,,,,,,1,outdoors,fieldturf,,,,,,,Dan Quinn,Brian Daboll,,NYC01,MetLife Stadium
2025_15_LV_PHI,2025,REG,15,2025-12-14,Sunday,13:00,LV,,PHI,,Home,,,,2025121407,,,202512140phi,28634,401772906,6950,7,6,,,,,,,,,0,outdoors,grass,,,,,,,Pete Carroll,Nick Sirianni,,PHI00,Lincoln Financial Field
2025_15_GB_DEN,2025,REG,15,2025-12-14,Sunday,16:25,GB,,DEN,,Home,,,,2025121408,,,202512140den,28635,401772800,6951,7,7,,,,,,,,,0,outdoors,grass,,,,,,,Matt LaFleur,Sean Payton,,DEN00,Empower Field at Mile High
2025_15_DET_LA,2025,REG,15,2025-12-14,Sunday,16:25,DET,,LA,,Home,,,,2025121409,,,202512140ram,28638,401772909,6952,10,7,,,,,,,,,0,dome,matrixturf,,,,,,,Dan Campbell,Sean McVay,,LAX01,SoFi Stadium
2025_15_CAR_NO,2025,REG,15,2025-12-14,Sunday,16:25,CAR,,NO,,Home,,,,2025121410,,,202512140nor,28636,401772908,6953,14,7,,,,,,,,,1,dome,sportturf,,,,,,,Dave Canales,Kellen Moore,,NOR00,Mercedes-Benz Superdome
2025_15_IND_SEA,2025,REG,15,2025-12-14,Sunday,16:25,IND,,SEA,,Home,,,,2025121411,,,202512140sea,28637,401772799,6954,7,7,,,,,,,,,0,outdoors,fieldturf,,,,,,,Shane Steichen,Mike Macdonald,,SEA00,Lumen Field
2025_15_TEN_SF,2025,REG,15,2025-12-14,Sunday,16:25,TEN,,SF,,Home,,,,2025121412,,,202512140sfo,28639,401772907,6955,7,14,,,,,,,,,0,outdoors,grass,,,,,,,Brian Callahan,Kyle Shanahan,,SFO01,Levi's Stadium
2025_15_MIN_DAL,2025,REG,15,2025-12-14,Sunday,20:20,MIN,,DAL,,Home,,,,2025121413,,,202512140dal,28640,401772933,6956,7,10,,,,,,,,,0,closed,matrixturf,,,,,,,Kevin O'Connell,Brian Schottenheimer,,DAL00,AT&T Stadium
2025_15_MIA_PIT,2025,REG,15,2025-12-15,Monday,20:15,MIA,,PIT,,Home,,,,2025121500,,,202512150pit,28641,401772823,6957,8,8,,,,,,,,,0,outdoors,grass,,,,,,,Mike McDaniel,Mike Tomlin,,PIT00,Acrisure Stadium
2025_16_LA_SEA,2025,REG,16,2025-12-18,Thursday,20:15,LA,,SEA,,Home,,,,2025121800,,,202512180sea,28642,401772949,6958,4,4,,,,,,,,,1,outdoors,fieldturf,,,,,,,Sean McVay,Mike Macdonald,,SEA00,Lumen Field
2025_16_GB_CHI,2025,REG,16,2025-12-19,Friday,13:00,GB,,CHI,,Home,,,,2025121900,,,202512190chi,28643,401772613,6959,5,5,,,,,,,,,1,outdoors,grass,,,,,,,Matt LaFleur,Ben Johnson,,CHI98,Soldier Field
2025_16_PHI_WAS,2025,REG,16,2025-12-19,Friday,13:00,PHI,,WAS,,Home,,,,2025121901,,,202512190was,28644,401772612,6960,5,5,,,,,,,,,1,outdoors,grass,,,,,,,Nick Sirianni,Dan Quinn,,WAS00,FedExField
2025_16_NE_BAL,2025,REG,16,2025-12-21,Sunday,13:00,NE,,BAL,,Home,,,,2025122100,,,202512210rav,28645,401772804,6961,7,7,,,,,,,,,0,outdoors,grass,,,,,,,Mike Vrabel,John Harbaugh,,BAL00,M&T Bank Stadium
2025_16_TB_CAR,2025,REG,16,2025-12-21,Sunday,13:00,TB,,CAR,,Home,,,,2025122101,,,202512210car,28646,401772912,6962,10,7,,,,,,,,,1,outdoors,grass,,,,,,,Todd Bowles,Dave Canales,,CAR00,Bank of America Stadium
2025_16_BUF_CLE,2025,REG,16,2025-12-21,Sunday,13:00,BUF,,CLE,,Home,,,,2025122102,,,202512210cle,28647,401772802,6963,7,7,,,,,,,,,0,outdoors,grass,,,,,,,Sean McDermott,Kevin Stefanski,,CLE00,FirstEnergy Stadium
2025_16_LAC_DAL,2025,REG,16,2025-12-21,Sunday,13:00,LAC,,DAL,,Home,,,,2025122103,,,202512210dal,28648,401772910,6964,7,7,,,,,,,,,0,closed,matrixturf,,,,,,,Jim Harbaugh,Brian Schottenheimer,,DAL00,AT&T Stadium
2025_16_NYJ_NO,2025,REG,16,2025-12-21,Sunday,13:00,NYJ,,NO,,Home,,,,2025122104,,,202512210nor,28649,401772801,6965,7,7,,,,,,,,,0,dome,sportturf,,,,,,,Aaron Glenn,Kellen Moore,,NOR00,Mercedes-Benz Superdome
2025_16_MIN_NYG,2025,REG,16,2025-12-21,Sunday,13:00,MIN,,NYG,,Home,,,,2025122105,,,202512210nyg,28650,401772911,6966,7,7,,,,,,,,,0,outdoors,fieldturf,,,,,,,Kevin O'Connell,Brian Daboll,,NYC01,MetLife Stadium
2025_16_KC_TEN,2025,REG,16,2025-12-21,Sunday,13:00,KC,,TEN,,Home,,,,2025122106,,,202512210oti,28651,401772803,6967,7,7,,,,,,,,,0,outdoors,grass,,,,,,,Andy Reid,Brian Callahan,,NAS00,Nissan Stadium
2025_16_ATL_ARI,2025,REG,16,2025-12-21,Sunday,16:05,ATL,,ARI,,Home,,,,2025122107,,,202512210crd,28652,401772914,6968,10,7,,,,,,,,,0,closed,grass,,,,,,,Raheem Morris,Jonathan Gannon,,PHO00,State Farm Stadium
2025_16_JAX_DEN,2025,REG,16,2025-12-21,Sunday,16:05,JAX,,DEN,,Home,,,,2025122108,,,202512210den,28653,401772913,6969,7,7,,,,,,,,,0,outdoors,grass,,,,,,,Liam Coen,Sean Payton,,DEN00,Empower Field at Mile High
2025_16_PIT_DET,2025,REG,16,2025-12-21,Sunday,16:25,PIT,,DET,,Home,,,,2025122109,,,202512210det,28654,401772806,6970,6,7,,,,,,,,,0,dome,fieldturf,,,,,,,Mike Tomlin,Dan Campbell,,DET00,Ford Field
2025_16_LV_HOU,2025,REG,16,2025-12-21,Sunday,16:25,LV,,HOU,,Home,,,,2025122110,,,202512210htx,28655,401772805,6971,7,7,,,,,,,,,0,closed,astroturf,,,,,,,Pete Carroll,DeMeco Ryans,,HOU00,NRG Stadium
2025_16_CIN_MIA,2025,REG,16,2025-12-21,Sunday,20:20,CIN,,MIA,,Home,,,,2025122111,,,202512210mia,28656,401772934,6972,7,6,,,,,,,,,0,outdoors,grass,,,,,,,Zac Taylor,Mike McDaniel,,MIA00,Hard Rock Stadium
2025_16_SF_IND,2025,REG,16,2025-12-22,Monday,20:15,SF,,IND,,Home,,,,2025122200,,,202512220clt,28657,401772824,6973,8,8,,,,,,,,,0,closed,fieldturf,,,,,,,Kyle Shanahan,Shane Steichen,,IND00,Lucas Oil Stadium
2025_17_DAL_WAS,2025,REG,17,2025-12-25,Thursday,13:00,DAL,,WAS,,Home,,,,2025122500,,,202512250was,28658,401772710,6974,4,6,,,,,,,,,1,outdoors,grass,,,,,,,Brian Schottenheimer,Dan Quinn,,WAS00,FedExField
2025_17_DET_MIN,2025,REG,17,2025-12-25,Thursday,16:30,DET,,MIN,,Home,,,,2025122501,,,202512250min,28659,401772711,6975,4,4,,,,,,,,,1,dome,sportturf,,,,,,,Dan Campbell,Kevin O'Connell,,MIN01,U.S. Bank Stadium
2025_17_DEN_KC,2025,REG,17,2025-12-25,Thursday,20:15,DEN,,KC,,Home,,,,2025122502,,,202512250kan,28660,401772622,6976,4,4,,,,,,,,,1,outdoors,grass,,,,,,,Sean Payton,Andy Reid,,KAN00,GEHA Field at Arrowhead Stadium
2025_17_SEA_CAR,2025,REG,17,2025-12-28,Sunday,13:00,SEA,,CAR,,Home,,,,2025122800,,,202512280car,28661,401772952,6977,10,7,,,,,,,,,0,outdoors,grass,,,,,,,Mike Macdonald,Dave Canales,,CAR00,Bank of America Stadium
2025_17_ARI_CIN,2025,REG,17,2025-12-28,Sunday,13:00,ARI,,CIN,,Home,,,,2025122801,,,202512280cin,28662,401772954,6978,7,7,,,,,,,,,0,outdoors,fieldturf,,,,,,,Jonathan Gannon,Zac Taylor,,CIN00,Paycor Stadium
2025_17_PIT_CLE,2025,REG,17,2025-12-28,Sunday,13:00,PIT,,CLE,,Home,,,,2025122800,,,202512280cle,28666,401772807,6979,7,7,,,,,,,,,1,outdoors,grass,,,,,,,Mike Tomlin,Kevin Stefanski,,CLE00,FirstEnergy Stadium
2025_17_BAL_GB,2025,REG,17,2025-12-28,Sunday,13:00,BAL,,GB,,Home,,,,2025122802,,,202512280gnb,28663,401772953,6980,7,9,,,,,,,,,0,outdoors,grass,,,,,,,John Harbaugh,Matt LaFleur,,GNB00,Lambeau Field
2025_17_JAX_IND,2025,REG,17,2025-12-28,Sunday,13:00,JAX,,IND,,Home,,,,2025122801,,,202512280clt,28667,401772915,6981,7,6,,,,,,,,,1,closed,fieldturf,,,,,,,Liam Coen,Shane Steichen,,IND00,Lucas Oil Stadium
2025_17_HOU_LAC,2025,REG,17,2025-12-28,Sunday,13:00,HOU,,LAC,,Home,,,,2025122803,,,202512280sdg,28664,401772951,6982,7,7,,,,,,,,,0,dome,matrixturf,,,,,,,DeMeco Ryans,Jim Harbaugh,,LAX01,SoFi Stadium
2025_17_NYG_LV,2025,REG,17,2025-12-28,Sunday,13:00,NYG,,LV,,Home,,,,2025122804,,,202512280rai,28665,401772950,6983,7,7,,,,,,,,,0,dome,grass,,,,,,,Brian Daboll,Pete Carroll,,VEG00,Allegiant Stadium
2025_17_TB_MIA,2025,REG,17,2025-12-28,Sunday,13:00,TB,,MIA,,Home,,,,2025122802,,,202512280mia,28668,401772916,6984,7,7,,,,,,,,,0,outdoors,grass,,,,,,,Todd Bowles,Mike McDaniel,,MIA00,Hard Rock Stadium
2025_17_NE_NYJ,2025,REG,17,2025-12-28,Sunday,13:00,NE,,NYJ,,Home,,,,2025122803,,,202512280nyj,28669,401772808,6985,7,7,,,,,,,,,1,outdoors,fieldturf,,,,,,,Mike Vrabel,Aaron Glenn,,NYC01,MetLife Stadium
2025_17_NO_TEN,2025,REG,17,2025-12-28,Sunday,13:00,NO,,TEN,,Home,,,,2025122804,,,202512280oti,28670,401772809,6986,7,7,,,,,,,,,0,outdoors,grass,,,,,,,Kellen Moore,Brian Callahan,,NAS00,Nissan Stadium
2025_17_PHI_BUF,2025,REG,17,2025-12-28,Sunday,16:25,PHI,,BUF,,Home,,,,2025122805,,,202512280buf,28671,401772917,6987,9,7,,,,,,,,,0,outdoors,a_turf,,,,,,,Nick Sirianni,Sean McDermott,,BUF00,New Era Field
2025_17_CHI_SF,2025,REG,17,2025-12-28,Sunday,20:20,CHI,,SF,,Home,,,,2025122806,,,202512280sfo,28672,401772935,6988,9,6,,,,,,,,,0,outdoors,grass,,,,,,,Ben Johnson,Kyle Shanahan,,SFO01,Levi's Stadium
2025_17_LA_ATL,2025,REG,17,2025-12-29,Monday,20:15,LA,,ATL,,Home,,,,2025122900,,,202512290atl,28673,401772825,6989,11,8,,,,,,,,,0,closed,fieldturf,,,,,,,Sean McVay,Raheem Morris,,ATL97,Mercedes-Benz Stadium
2025_18_NO_ATL,2025,REG,18,2026-01-04,Sunday,13:00,NO,,ATL,,Home,,,,2025010400,,,202501040atl,28689,401772966,6990,6,6,,,,,,,,,1,closed,fieldturf,,,,,,,Kellen Moore,Raheem Morris,,ATL97,Mercedes-Benz Stadium
2025_18_NYJ_BUF,2025,REG,18,2026-01-04,Sunday,13:00,NYJ,,BUF,,Home,,,,2025010401,,,202501040buf,28674,401772967,6991,6,6,,,,,,,,,1,outdoors,a_turf,,,,,,,Aaron Glenn,Sean McDermott,,BUF00,New Era Field
2025_18_DET_CHI,2025,REG,18,2026-01-04,Sunday,13:00,DET,,CHI,,Home,,,,2025010402,,,202501040chi,28675,401772965,6992,5,9,,,,,,,,,1,outdoors,grass,,,,,,,Dan Campbell,Ben Johnson,,CHI98,Soldier Field
2025_18_CLE_CIN,2025,REG,18,2026-01-04,Sunday,13:00,CLE,,CIN,,Home,,,,2025010403,,,202501040cin,28676,401772964,6993,6,7,,,,,,,,,1,outdoors,fieldturf,,,,,,,Kevin Stefanski,Zac Taylor,,CIN00,Paycor Stadium
2025_18_LAC_DEN,2025,REG,18,2026-01-04,Sunday,13:00,LAC,,DEN,,Home,,,,2025010404,,,202501040den,28677,401772956,6994,7,7,,,,,,,,,1,outdoors,grass,,,,,,,Jim Harbaugh,Sean Payton,,DEN00,Empower Field at Mile High
2025_18_IND_HOU,2025,REG,18,2026-01-04,Sunday,13:00,IND,,HOU,,Home,,,,2025010405,,,202501040htx,28678,401772962,6995,6,10,,,,,,,,,1,closed,astroturf,,,,,,,Shane Steichen,DeMeco Ryans,,HOU00,NRG Stadium
2025_18_TEN_JAX,2025,REG,18,2026-01-04,Sunday,13:00,TEN,,JAX,,Home,,,,2025010406,,,202501040jax,28679,401772970,6996,6,6,,,,,,,,,1,outdoors,grass,,,,,,,Brian Callahan,Liam Coen,,JAX00,TIAA Bank Stadium
2025_18_ARI_LA,2025,REG,18,2026-01-04,Sunday,13:00,ARI,,LA,,Home,,,,2025010407,,,202501040ram,28681,401772955,6997,7,7,,,,,,,,,1,dome,matrixturf,,,,,,,Jonathan Gannon,Sean McVay,,LAX01,SoFi Stadium
2025_18_KC_LV,2025,REG,18,2026-01-04,Sunday,13:00,KC,,LV,,Home,,,,2025010408,,,202501040rai,28680,401772957,6998,10,6,,,,,,,,,1,dome,grass,,,,,,,Andy Reid,Pete Carroll,,VEG00,Allegiant Stadium
2025_18_GB_MIN,2025,REG,18,2026-01-04,Sunday,13:00,GB,,MIN,,Home,,,,2025010409,,,202501040min,28682,401772968,6999,6,6,,,,,,,,,1,dome,sportturf,,,,,,,Matt LaFleur,Kevin O'Connell,,MIN01,U.S. Bank Stadium
2025_18_MIA_NE,2025,REG,18,2026-01-04,Sunday,13:00,MIA,,NE,,Home,,,,2025010410,,,202501040nwe,28683,401772958,7000,6,7,,,,,,,,,1,outdoors,fieldturf,,,,,,,Mike McDaniel,Mike Vrabel,,BOS00,Gillette Stadium
2025_18_DAL_NYG,2025,REG,18,2026-01-04,Sunday,13:00,DAL,,NYG,,Home,,,,2025010411,,,202501040nyg,28684,401772963,7001,6,6,,,,,,,,,1,outdoors,fieldturf,,,,,,,Brian Schottenheimer,Brian Daboll,,NYC01,MetLife Stadium
2025_18_WAS_PHI,2025,REG,18,2026-01-04,Sunday,13:00,WAS,,PHI,,Home,,,,2025010412,,,202501040phi,28685,401772959,7002,6,6,,,,,,,,,1,outdoors,grass,,,,,,,Dan Quinn,Nick Sirianni,,PHI00,Lincoln Financial Field
2025_18_BAL_PIT,2025,REG,18,2026-01-04,Sunday,13:00,BAL,,PIT,,Home,,,,2025010413,,,202501040pit,28686,401772960,7003,10,10,,,,,,,,,1,outdoors,grass,,,,,,,John Harbaugh,Mike Tomlin,,PIT00,Acrisure Stadium
2025_18_SEA_SF,2025,REG,18,2026-01-04,Sunday,13:00,SEA,,SF,,Home,,,,2025010414,,,202501040sfo,28687,401772961,7004,9,5,,,,,,,,,1,outdoors,grass,,,,,,,Mike Macdonald,Kyle Shanahan,,SFO01,Levi's Stadium
2025_18_CAR_TB,2025,REG,18,2026-01-04,Sunday,13:00,CAR,,TB,,Home,,,,2025010415,,,202501040tam,28688,401772969,7005,6,6,,,,,,,,,1,outdoors,grass,,,,,,,Dave Canales,Todd Bowles,,TAM00,Raymond James Stadium
